dataset,participant_id,case_segment,corruption,severity,seed,method,mae,rmse,retention,long_hallucination,short_recovery,movement_preservation,stable_preservation,unstable_repair_gain,unstable_repair_score,plausibility_score,long_safety,Q_local
Autism,17,Autism__17__seg4,short_gap,low,0,Pointwise-D,0.8036968602739996,7.415728062752191,1.0,,1.0,0.9411570155263014,0.9970414201183432,,,1.0,,0.9793994785482149
Autism,17,Autism__17__seg4,short_gap,low,0,STRATUS-D,0.6161208314276653,6.529447761438461,1.0,,1.0,0.9589137487482068,0.9970414201183432,,,1.0,,0.9853183896221832
Autism,17,Autism__17__seg4,short_gap,low,0,Hybrid-P,3.541395733251379,11.67367435181719,1.0,,1.0,0.8440330616823837,0.8875739644970414,,,1.0,,0.9105356753931416
Autism,17,Autism__17__seg4,short_gap,low,0,STRATUS-H,3.756597447146958,11.023291697964504,1.0,,1.0,0.8203231584202335,0.8816568047337278,,,1.0,,0.900659987717987
Autism,17,Autism__17__seg4,long_gap,low,0,Pointwise-D,0.7685961033405232,7.647386073546093,0.9282178217821784,0.0,,0.934358479256422,0.9968553459119496,,,1.0,1.0,0.977071275056124
Autism,17,Autism__17__seg4,long_gap,low,0,STRATUS-D,0.5665141949300724,6.7206689087996825,0.9282178217821784,0.0,,0.9541667704664792,0.9968553459119496,,,1.0,1.0,0.9836740387928096
Autism,17,Autism__17__seg4,long_gap,low,0,Hybrid-P,3.4354369269467018,11.491047315044296,0.9282178217821784,0.0,,0.8423240962474446,0.889937106918239,,,1.0,1.0,0.9107537343885612
Autism,17,Autism__17__seg4,long_gap,low,0,STRATUS-H,3.0128185507355267,10.417956979813908,0.9282178217821784,0.0,,0.8438866193703097,0.9276729559748428,,,1.0,1.0,0.9238531917817174
Autism,17,Autism__17__seg4,jitter,low,0,Pointwise-D,0.9434114382732024,8.0678097480343,1.0,,,0.9318771548207307,0.9970326409495548,0.0,0.0,1.0,,0.6429699319234286
Autism,17,Autism__17__seg4,jitter,low,0,STRATUS-D,0.5955378519787553,6.507635169699735,1.0,,,0.9589137487482068,0.9970326409495548,0.0,0.0,1.0,,0.651982129899254
Autism,17,Autism__17__seg4,jitter,low,0,Hybrid-P,3.532829599521957,11.663989015580231,1.0,,,0.8440330616823837,0.884272997032641,0.0,0.0,1.0,,0.576102019571675
Autism,17,Autism__17__seg4,jitter,low,0,STRATUS-H,3.736014467698048,11.01038542881094,1.0,,,0.8203231584202335,0.8813056379821959,0.0,0.0,1.0,,0.5672095988008098
Autism,17,Autism__17__seg4,spike,low,0,Pointwise-D,0.340312287712471,3.8822789938468314,1.0,,,0.9725705405668288,1.0,0.986326745834297,0.986326745834297,1.0,,0.986299095467042
Autism,17,Autism__17__seg4,spike,low,0,STRATUS-D,0.340312287712471,3.8822789938468314,1.0,,,0.9725705405668288,1.0,0.986326745834297,0.986326745834297,1.0,,0.986299095467042
Autism,17,Autism__17__seg4,spike,low,0,Hybrid-P,3.740361533725002,12.059346313262305,1.0,,,0.8290948877934258,0.8938053097345132,0.986326745834297,0.986326745834297,1.0,,0.903075647787412
Autism,17,Autism__17__seg4,spike,low,0,STRATUS-H,4.00321956441671,11.63196715683649,1.0,,,0.7920096264470554,0.8938053097345132,0.986326745834297,0.986326745834297,1.0,,0.8907138940052887
Autism,17,Autism__17__seg4,mixed,low,0,Pointwise-D,0.5754775490113216,4.163842863549452,0.905940594059406,0.0,1.0,0.9709631221412064,1.0,0.8295546208821452,0.8295546208821452,1.0,1.0,0.9601035486046704
Autism,17,Autism__17__seg4,mixed,low,0,STRATUS-D,2.1507927412853856,24.91641448918605,0.905940594059406,0.0,1.0,0.9836656835257088,1.0,0.0,0.0,1.0,1.0,0.7967331367051418
Autism,17,Autism__17__seg4,mixed,low,0,Hybrid-P,4.304352570104857,13.483460284354944,0.905940594059406,0.0,1.0,0.812192167109886,0.8817567567567568,0.8295546208821452,0.8295546208821452,1.0,1.0,0.9047007089497576
Autism,17,Autism__17__seg4,mixed,low,0,STRATUS-H,3.5141459823938885,12.13605788439124,0.905940594059406,0.0,1.0,0.8363729614042806,0.9324324324324323,0.8295546208821452,0.8295546208821452,1.0,1.0,0.9196720029437716
Autism,17,Autism__17__seg4,short_gap,medium,0,Pointwise-D,0.8373090415820468,7.427120519473194,1.0,,1.0,0.9411570155263014,0.997005988023952,,,1.0,,0.9793876678500846
Autism,17,Autism__17__seg4,short_gap,medium,0,STRATUS-D,0.6497330127357125,6.5423837077508,1.0,,1.0,0.9589137487482068,0.997005988023952,,,1.0,,0.985306578924053
Autism,17,Autism__17__seg4,short_gap,medium,0,Hybrid-P,3.575007914559426,11.680914749383454,1.0,,1.0,0.8440330616823837,0.8862275449101796,,,1.0,,0.9100868688641878
Autism,17,Autism__17__seg4,short_gap,medium,0,STRATUS-H,3.790209628455005,11.030958995867154,1.0,,1.0,0.8203231584202335,0.8802395209580839,,,1.0,,0.9001875597927724
Autism,17,Autism__17__seg4,long_gap,medium,0,Pointwise-D,0.8141907874369949,7.870947555502386,0.8762376237623762,0.0,,0.934358479256422,0.9966329966329966,,,1.0,1.0,0.9769971586298062
Autism,17,Autism__17__seg4,long_gap,medium,0,STRATUS-D,0.6001209692055852,6.917139008064874,0.8762376237623762,0.0,,0.9541667704664792,0.9966329966329966,,,1.0,1.0,0.983599922366492
Autism,17,Autism__17__seg4,long_gap,medium,0,Hybrid-P,3.611579149638332,11.788046228255622,0.8762376237623762,0.0,,0.8423240962474446,0.8821548821548821,,,1.0,1.0,0.9081596594674424
Autism,17,Autism__17__seg4,long_gap,medium,0,STRATUS-H,2.9682670266251714,10.50553876693967,0.8762376237623762,0.0,,0.8432774508482036,0.9393939393939394,,,1.0,1.0,0.9275571300807144
Autism,17,Autism__17__seg4,jitter,medium,0,Pointwise-D,0.9921939342396576,8.117337992566673,1.0,,,0.9318771548207307,0.9970326409495548,0.0,0.0,1.0,,0.6429699319234286
Autism,17,Autism__17__seg4,jitter,medium,0,STRATUS-D,0.6443203479452105,6.568937315654792,1.0,,,0.9589137487482068,0.9970326409495548,0.0,0.0,1.0,,0.651982129899254
Autism,17,Autism__17__seg4,jitter,medium,0,Hybrid-P,3.55156381412536,11.690191130203566,1.0,,,0.8440330616823837,0.8902077151335311,0.0,0.0,1.0,,0.5780802589386383
Autism,17,Autism__17__seg4,jitter,medium,0,STRATUS-H,3.784796963664504,11.046728440858017,1.0,,,0.8203231584202335,0.8813056379821959,0.0,0.0,1.0,,0.5672095988008098
Autism,17,Autism__17__seg4,spike,medium,0,Pointwise-D,2.128046303969592,21.202044007495196,1.0,,,0.9720442234598152,0.9970414201183432,0.670500889514372,0.670500889514372,1.0,,0.8798621776975102
Autism,17,Autism__17__seg4,spike,medium,0,STRATUS-D,5.905979101461626,51.0194163798957,1.0,,,0.9720442234598152,0.9970414201183432,0.0,0.0,1.0,,0.6563618811927195
Autism,17,Autism__17__seg4,spike,medium,0,Hybrid-P,3.742238586486313,11.713045217699849,1.0,,,0.8379574938170823,0.8875739644970414,0.9668855501813256,0.9668855501813256,1.0,,0.8974723361651499
Autism,17,Autism__17__seg4,spike,medium,0,STRATUS-H,3.978528657750232,11.478950074612468,1.0,,,0.7878534686695328,0.8994082840236687,0.9668855501813256,0.9668855501813256,1.0,,0.8847157676248424
Autism,17,Autism__17__seg4,mixed,medium,0,Pointwise-D,1.4037126812776528,5.901016392271098,0.8391089108910891,0.0,1.0,0.9891455867158928,1.0,0.951902944707687,0.951902944707687,1.0,1.0,0.9882097062847158
Autism,17,Autism__17__seg4,mixed,medium,0,STRATUS-D,1.324156339094762,5.716326769501242,0.8391089108910891,0.0,1.0,0.9956249112633546,1.0,0.951902944707687,0.951902944707687,1.0,1.0,0.9895055711942085
Autism,17,Autism__17__seg4,mixed,medium,0,Hybrid-P,3.668504281905674,10.88098520757488,0.8391089108910891,0.0,1.0,0.8801925900788657,0.8909774436090225,0.9537588359405552,0.9537588359405552,1.0,1.0,0.9449857739256888
Autism,17,Autism__17__seg4,mixed,medium,0,STRATUS-H,3.174405410964644,9.113395258625108,0.8391089108910891,0.0,1.0,0.8904703851700574,0.9323308270676692,0.951902944707687,0.951902944707687,1.0,1.0,0.9549408313890826
Autism,17,Autism__17__seg4,short_gap,high,0,Pointwise-D,0.9270952630102016,7.48266092855,1.0,,1.0,0.9411570155263014,0.996969696969697,,,1.0,,0.9793755708319994
Autism,17,Autism__17__seg4,short_gap,high,0,STRATUS-D,0.7395192341638673,6.605367509859849,1.0,,1.0,0.9589137487482068,0.996969696969697,,,1.0,,0.985294481905968
Autism,17,Autism__17__seg4,short_gap,high,0,Hybrid-P,3.651777242923935,11.720171831130894,1.0,,1.0,0.8439022438258738,0.8878787878787879,,,1.0,,0.9105936772348872
Autism,17,Autism__17__seg4,short_gap,high,0,STRATUS-H,3.87999584988316,11.06843040947412,1.0,,1.0,0.8203231584202335,0.8787878787878788,,,1.0,,0.8997036790693708
Autism,17,Autism__17__seg4,long_gap,high,0,Pointwise-D,0.8707659781048224,8.139817218343193,0.8193069306930693,0.0,,0.934358479256422,0.9963503649635036,,,1.0,1.0,0.9769029480733086
Autism,17,Autism__17__seg4,long_gap,high,0,STRATUS-D,0.641821217821079,7.153426801854232,0.8193069306930693,0.0,,0.9541667704664792,0.9963503649635036,,,1.0,1.0,0.9835057118099942
Autism,17,Autism__17__seg4,long_gap,high,0,Hybrid-P,3.920888119328201,12.274937463473403,0.8193069306930693,0.0,,0.8379678944678226,0.8722627737226277,,,1.0,1.0,0.90341022273015
Autism,17,Autism__17__seg4,long_gap,high,0,STRATUS-H,3.1745212308921773,10.864405427695589,0.8193069306930693,0.0,,0.8432774508482036,0.9343065693430656,,,1.0,1.0,0.9258613400637564
Autism,17,Autism__17__seg4,jitter,high,0,Pointwise-D,1.0659545474258325,8.180663908651836,1.0,,,0.9318771548207307,0.9970238095238096,0.0,0.0,1.0,,0.6429669881148468
Autism,17,Autism__17__seg4,jitter,high,0,STRATUS-D,0.7180809611313856,6.647031168706399,1.0,,,0.9589137487482068,0.9970238095238096,0.0,0.0,1.0,,0.6519791860906722
Autism,17,Autism__17__seg4,jitter,high,0,Hybrid-P,3.625324427311535,11.734251342179546,1.0,,,0.8440330616823837,0.8898809523809523,0.0,0.0,1.0,,0.577971338021112
Autism,17,Autism__17__seg4,jitter,high,0,STRATUS-H,3.858557576850678,11.093344633013697,1.0,,,0.8203231584202335,0.8809523809523809,0.0,0.0,1.0,,0.5670918464575382
Autism,17,Autism__17__seg4,spike,high,0,Pointwise-D,0.5837055745306082,4.395368941392031,1.0,,,0.9744830436272336,1.0,0.9835500226010964,0.9835500226010964,1.0,,0.98601102207611
Autism,17,Autism__17__seg4,spike,high,0,STRATUS-D,2.1184940205831477,31.58771186392301,1.0,,,0.9744830436272336,1.0,0.9048444765230648,0.9048444765230648,1.0,,0.9597758400500994
Autism,17,Autism__17__seg4,spike,high,0,Hybrid-P,4.269231434857016,17.285590343340008,1.0,,,0.8344306786619025,0.8925373134328358,0.9835500226010964,0.9835500226010964,1.0,,0.9035060048986115
Autism,17,Autism__17__seg4,spike,high,0,STRATUS-H,4.492266975266351,16.860868797707663,1.0,,,0.8142290749810914,0.8805970149253731,0.9835500226010964,0.9835500226010964,1.0,,0.8927920375025202
Autism,17,Autism__17__seg4,mixed,high,0,Pointwise-D,1.9233662775671556,6.691643639768319,0.7896039603960396,0.0,1.0,1.0,0.9957264957264956,0.964734761008358,0.964734761008358,1.0,1.0,0.9920922513469708
Autism,17,Autism__17__seg4,mixed,high,0,STRATUS-D,3.3574121729804007,26.888893780779743,0.7896039603960396,0.0,1.0,1.0,0.9957264957264956,0.934041422477774,0.934041422477774,1.0,1.0,0.985953583640854
Autism,17,Autism__17__seg4,mixed,high,0,Hybrid-P,4.762365298759817,12.130868040736916,0.7896039603960396,0.0,1.0,0.8626608105647531,0.8632478632478633,0.9690872482173551,0.9690872482173551,1.0,1.0,0.9389991844059944
Autism,17,Autism__17__seg4,mixed,high,0,STRATUS-H,4.027837951349199,10.87985863958662,0.7896039603960396,0.0,1.0,0.8641979363408843,0.935897435897436,0.9699804678125582,0.9699804678125582,1.0,1.0,0.9540151680101756
Autism,17,Autism__17__seg4,short_gap,low,1,Pointwise-D,8.716578888637532,59.50297179863129,1.0,,1.0,0.94566762897582,0.9970414201183432,,,1.0,,0.9809030163647212
Autism,17,Autism__17__seg4,short_gap,low,1,STRATUS-D,8.529002859791197,59.3990262398078,1.0,,1.0,0.966238105505532,0.9970414201183432,,,1.0,,0.9877598418746252
Autism,17,Autism__17__seg4,short_gap,low,1,Hybrid-P,11.41680744000783,60.17528763482839,1.0,,1.0,0.8330018039242789,0.8875739644970414,,,1.0,,0.9068585894737736
Autism,17,Autism__17__seg4,short_gap,low,1,STRATUS-H,11.354211728773588,59.98568669266687,1.0,,1.0,0.8331407308172322,0.893491124260355,,,1.0,,0.9088772850258624
Autism,17,Autism__17__seg4,long_gap,low,1,Pointwise-D,0.5000054034994887,6.686899896414658,0.900990099009901,0.0,,0.9557907327210996,0.9968354430379748,,,1.0,1.0,0.9842087252530248
Autism,17,Autism__17__seg4,long_gap,low,1,STRATUS-D,0.2918166242304804,5.567506349572268,0.900990099009901,0.0,,0.981045919269761,0.9968354430379748,,,1.0,1.0,0.9926271207692452
Autism,17,Autism__17__seg4,long_gap,low,1,Hybrid-P,3.116625300180289,10.676327701759496,0.900990099009901,0.0,,0.8529558556851963,0.8860759493670886,,,1.0,1.0,0.9130106016840948
Autism,17,Autism__17__seg4,long_gap,low,1,STRATUS-H,3.2116865167151496,10.095444586641568,0.900990099009901,0.0,,0.8347535559319591,0.8892405063291139,,,1.0,1.0,0.907998020753691
Autism,17,Autism__17__seg4,jitter,low,1,Pointwise-D,1.11055505614275,8.259793857615298,1.0,,,0.9349172756052216,0.9970326409495548,-0.5196547860634348,0.0,1.0,,0.6439833055182588
Autism,17,Autism__17__seg4,jitter,low,1,STRATUS-D,0.7626814698483028,6.744179412036356,1.0,,,0.966238105505532,0.9970326409495548,-0.5196547860634348,0.0,1.0,,0.6544235821516956
Autism,17,Autism__17__seg4,jitter,low,1,Hybrid-P,3.7966340415028497,11.928592689782048,1.0,,,0.8286295311345859,0.887240356083086,-0.9249076359686936,0.0,1.0,,0.5719566290725573
Autism,17,Autism__17__seg4,jitter,low,1,STRATUS-H,4.175914515515532,11.484175008039989,1.0,,,0.7925043423988569,0.8724035608308606,-0.7356909292488409,0.0,1.0,,0.5549693010765725
Autism,17,Autism__17__seg4,spike,low,1,Pointwise-D,0.6002774233538662,6.531900021933488,1.0,,,0.9586503282367704,0.9970588235294118,0.9537447324910916,0.9537447324910916,1.0,,0.9698179614190912
Autism,17,Autism__17__seg4,spike,low,1,STRATUS-D,0.5871120768192127,6.52653767715978,1.0,,,0.9589137487482068,0.9970588235294118,0.9537447324910916,0.9537447324910916,1.0,,0.9699057682562368
Autism,17,Autism__17__seg4,spike,low,1,Hybrid-P,3.512386978642927,11.672046900792807,1.0,,,0.8440330616823837,0.888235294117647,0.9537447324910916,0.9537447324910916,1.0,,0.8953376960970406
Autism,17,Autism__17__seg4,spike,low,1,STRATUS-H,4.03929184357494,12.760534907540675,1.0,,,0.8203231584202335,0.8823529411764706,0.718402130343452,0.718402130343452,1.0,,0.8070260766467188
Autism,17,Autism__17__seg4,mixed,low,1,Pointwise-D,9.657664744833394,62.26425901764767,0.9108910891089108,0.0,1.0,0.9610565502685544,0.9966777408637874,0.879258108521157,0.879258108521157,1.0,1.0,0.9673984799306996
Autism,17,Autism__17__seg4,mixed,low,1,STRATUS-D,9.643211483963828,62.26364169411235,0.9108910891089108,0.0,1.0,0.9614025924197,0.9966777408637874,0.879258108521157,0.879258108521157,1.0,1.0,0.9674676883609288
Autism,17,Autism__17__seg4,mixed,low,1,Hybrid-P,12.244441788750509,62.95402863900247,0.9108910891089108,0.0,1.0,0.8314724944277768,0.8970099667774086,0.8674181745476954,0.8674181745476954,1.0,1.0,0.9191801271505762
Autism,17,Autism__17__seg4,mixed,low,1,STRATUS-H,11.654223713502056,62.63785262436296,0.9108910891089108,0.0,1.0,0.8683867301323385,0.9102990033222592,0.879258108521157,0.879258108521157,1.0,1.0,0.9315887683951508
Autism,17,Autism__17__seg4,short_gap,medium,1,Pointwise-D,12.667493100887818,71.05388604933009,1.0,,1.0,0.94566762897582,0.9969788519637462,,,1.0,,0.9808821603131888
Autism,17,Autism__17__seg4,short_gap,medium,1,STRATUS-D,12.479917072041482,70.9668611964757,1.0,,1.0,0.966238105505532,0.9969788519637462,,,1.0,,0.9877389858230928
Autism,17,Autism__17__seg4,short_gap,medium,1,Hybrid-P,15.343806807097655,71.61635171190373,1.0,,1.0,0.8330018039242789,0.8882175226586103,,,1.0,,0.907073108860963
Autism,17,Autism__17__seg4,short_gap,medium,1,STRATUS-H,15.772036093619208,71.5528888233017,1.0,,1.0,0.8009539046524559,0.8700906344410876,,,1.0,,0.8903481796978477
Autism,17,Autism__17__seg4,long_gap,medium,1,Pointwise-D,0.5258427585530175,6.953894885058339,0.8316831683168316,0.0,,0.9505183398687372,0.996551724137931,,,1.0,1.0,0.9823566880022228
Autism,17,Autism__17__seg4,long_gap,medium,1,STRATUS-D,0.3161346762496871,5.7948443348581975,0.8316831683168316,0.0,,0.9786041341583076,0.996551724137931,,,1.0,1.0,0.9917186194320796
Autism,17,Autism__17__seg4,long_gap,medium,1,Hybrid-P,3.261534025493232,11.05738170300243,0.8316831683168316,0.0,,0.8340126947150389,0.8896551724137931,,,1.0,1.0,0.907889289042944
Autism,17,Autism__17__seg4,long_gap,medium,1,STRATUS-H,3.162922845649654,10.101477630198112,0.8316831683168316,0.0,,0.8317344813896437,0.896551724137931,,,1.0,1.0,0.9094287351758582
Autism,17,Autism__17__seg4,jitter,medium,1,Pointwise-D,1.5673772192925493,9.012664603506138,1.0,,,0.9349172756052216,0.996969696969697,-0.0013300532166675,0.0,1.0,,0.6439623241916396
Autism,17,Autism__17__seg4,jitter,medium,1,STRATUS-D,1.219503632998102,7.647737222651421,1.0,,,0.966238105505532,0.996969696969697,-0.0013300532166675,0.0,1.0,,0.6544026008250764
Autism,17,Autism__17__seg4,jitter,medium,1,Hybrid-P,3.976897958737548,11.998200278166436,1.0,,,0.8284779837968311,0.8848484848484849,0.222693954299822,0.222693954299822,1.0,,0.6453401409817127
Autism,17,Autism__17__seg4,jitter,medium,1,STRATUS-H,4.391738271639914,11.730368122381494,1.0,,,0.7923185551471883,0.8757575757575757,0.1483355243521713,0.1483355243521713,1.0,,0.6054705517523118
Autism,17,Autism__17__seg4,spike,medium,1,Pointwise-D,1.5298172738064193,19.24884065709684,1.0,,,0.9789733431053532,1.0,0.8382814077146752,0.8382814077146752,1.0,,0.9390849169400096
Autism,17,Autism__17__seg4,spike,medium,1,STRATUS-D,2.6864979588123425,30.667925226958165,1.0,,,0.9789733431053532,1.0,0.6906313437386105,0.6906313437386105,1.0,,0.8898682289479879
Autism,17,Autism__17__seg4,spike,medium,1,Hybrid-P,3.637101220129286,11.863326743455238,1.0,,,0.836543164942499,0.8931750741839762,0.9742962622409236,0.9742962622409236,1.0,,0.9013381671224662
Autism,17,Autism__17__seg4,spike,medium,1,STRATUS-H,4.259591177089598,13.023588316870368,1.0,,,0.788922373779149,0.8991097922848664,0.9377285071387588,0.9377285071387588,1.0,,0.8752535577342581
Autism,17,Autism__17__seg4,mixed,medium,1,Pointwise-D,38.90473414475005,171.12999450410393,0.8465346534653465,0.0,1.0,0.9770570565619948,0.9962825278810408,0.6975533304598976,0.6975533304598976,0.9707602339181288,1.0,0.9341785829805866
Autism,17,Autism__17__seg4,mixed,medium,1,STRATUS-D,41.44932134138246,174.49958705552817,0.8465346534653465,0.0,1.0,0.9770570565619948,0.9962825278810408,0.5457142036786109,0.5457142036786109,0.9707602339181288,1.0,0.9038107576243292
Autism,17,Autism__17__seg4,mixed,medium,1,Hybrid-P,40.28234068946516,169.32826895753334,0.8465346534653465,0.0,1.0,0.8672628915546158,0.8996282527881041,0.8368226880808515,0.8368226880808515,0.9707602339181288,1.0,0.9207427664847142
Autism,17,Autism__17__seg4,mixed,medium,1,STRATUS-H,39.85357113016248,169.21917489664264,0.8465346534653465,0.0,1.0,0.8575250518348749,0.9107806691449816,0.8498790050904191,0.8498790050904191,0.9707602339181288,1.0,0.923636945214055
Autism,17,Autism__17__seg4,short_gap,high,1,Pointwise-D,16.043721489298758,80.3140976605559,1.0,,1.0,0.9466324217015868,0.9969325153374232,,,1.0,,0.9811883123463369
Autism,17,Autism__17__seg4,short_gap,high,1,STRATUS-D,15.856145460452424,80.23711702446676,1.0,,1.0,0.9672028982312986,0.9969325153374232,,,1.0,,0.9880451378562408
Autism,17,Autism__17__seg4,short_gap,high,1,Hybrid-P,18.75491304692421,80.81269916854377,1.0,,1.0,0.8280329888468391,0.8895705521472392,,,1.0,,0.905867846998026
Autism,17,Autism__17__seg4,short_gap,high,1,STRATUS-H,18.759636990287536,80.67683297428611,1.0,,1.0,0.831545190226024,0.8895705521472392,,,1.0,,0.9070385807910878
Autism,17,Autism__17__seg4,long_gap,high,1,Pointwise-D,0.5573601478669208,7.1592599075453,0.7846534653465347,0.0,,0.9505183398687372,0.996309963099631,,,1.0,1.0,0.9822761009894562
Autism,17,Autism__17__seg4,long_gap,high,1,STRATUS-D,0.3350828114192267,5.965979843347641,0.7846534653465347,0.0,,0.9786041341583076,0.996309963099631,,,1.0,1.0,0.9916380324193128
Autism,17,Autism__17__seg4,long_gap,high,1,Hybrid-P,3.4570202920054443,11.38393243171178,0.7846534653465347,0.0,,0.8340126947150389,0.8819188191881919,,,1.0,1.0,0.9053105046344102
Autism,17,Autism__17__seg4,long_gap,high,1,STRATUS-H,3.352498662896794,10.399798242598305,0.7846534653465347,0.0,,0.8317344813896437,0.8892988929889298,,,1.0,1.0,0.907011124792858
Autism,17,Autism__17__seg4,jitter,high,1,Pointwise-D,1.8411846173670756,9.55245305381876,1.0,,,0.9648530814236796,0.9969135802469136,-0.002965581163254,0.0,1.0,,0.6539222205568643
Autism,17,Autism__17__seg4,jitter,high,1,STRATUS-D,1.817829073303418,9.16425908086914,1.0,,,0.9651614767770408,0.9969135802469136,0.0041953423259505,0.0041953423259505,1.0,,0.6554234664499683
Autism,17,Autism__17__seg4,jitter,high,1,Hybrid-P,4.390395530053081,12.966869264882526,1.0,,,0.8416325842833834,0.8981481481481481,0.0745261368735236,0.0745261368735236,1.0,,0.6047689564350184
Autism,17,Autism__17__seg4,jitter,high,1,STRATUS-H,3.858922645985434,12.17945652555129,1.0,,,0.8504057871255754,0.9444444444444444,0.0394447766883917,0.0394447766883917,1.0,,0.6114316694194706
Autism,17,Autism__17__seg4,spike,high,1,Pointwise-D,0.689189693165922,6.523274320246386,1.0,,,0.9718385849425364,1.0,0.9776203569725344,0.9776203569725344,1.0,,0.9831529806383572
Autism,17,Autism__17__seg4,spike,high,1,STRATUS-D,2.4886487815444003,29.90607226094513,1.0,,,0.9721033046966984,1.0,0.8794215653620064,0.8794215653620064,1.0,,0.9505082900195682
Autism,17,Autism__17__seg4,spike,high,1,Hybrid-P,3.791786142639399,11.944361757679516,1.0,,,0.8371439325428697,0.8862275449101796,0.9898545920982612,0.9898545920982612,1.0,,0.9044086898504368
Autism,17,Autism__17__seg4,spike,high,1,STRATUS-H,4.092482009545595,11.69273719438187,1.0,,,0.7882206243662961,0.8952095808383234,0.9898545920982612,0.9898545920982612,1.0,,0.8910949324342935
Autism,17,Autism__17__seg4,mixed,high,1,Pointwise-D,26.976888302790204,102.53655252909908,0.7970297029702971,0.0,1.0,0.9340354655476184,0.9957983193277312,0.6976893640385966,0.6976893640385966,1.0,1.0,0.9255046297827892
Autism,17,Autism__17__seg4,mixed,high,1,STRATUS-D,27.00660026786329,102.53793866873058,0.7970297029702971,0.0,1.0,0.9298448569800204,0.9957983193277312,0.6976893640385966,0.6976893640385966,1.0,1.0,0.9246665080692698
Autism,17,Autism__17__seg4,mixed,high,1,Hybrid-P,24.30631119380531,91.80163197537196,0.7970297029702971,0.0,1.0,0.7939860937827989,0.9201680672268908,0.8972511822815041,0.8972511822815041,1.0,1.0,0.9222810686582388
Autism,17,Autism__17__seg4,mixed,high,1,STRATUS-H,23.606506014283323,91.52166300477396,0.7970297029702971,0.0,1.0,0.8463685970741512,0.9369747899159664,0.901961163979692,0.901961163979692,1.0,1.0,0.937060910193962
Autism,18,Autism__18__seg5,short_gap,low,0,Pointwise-D,1.1577137315191963,17.452169517498174,1.0,,1.0,0.861723531745652,0.9970414201183432,,,1.0,,0.9529216506213316
Autism,18,Autism__18__seg5,short_gap,low,0,STRATUS-D,0.8060057593534175,15.967528649252374,1.0,,1.0,0.9472529738972486,0.9970414201183432,,,1.0,,0.981431464671864
Autism,18,Autism__18__seg5,short_gap,low,0,Hybrid-P,2.5627632201240544,20.46351755734748,1.0,,1.0,0.6397725923642398,0.9437869822485208,,,1.0,,0.8611865248709201
Autism,18,Autism__18__seg5,short_gap,low,0,STRATUS-H,2.4852178295093093,20.41134298809466,1.0,,1.0,0.6362845738328083,0.9585798816568049,,,1.0,,0.8649548184965377
Autism,18,Autism__18__seg5,long_gap,low,0,Pointwise-D,1.2347285415213116,18.113941031967247,0.9282178217821784,0.0,,0.860692202473232,0.9968354430379748,,,1.0,1.0,0.952509215170402
Autism,18,Autism__18__seg5,long_gap,low,0,STRATUS-D,0.8558218195080458,16.572918271377958,0.9282178217821784,0.0,,0.946859562402584,0.9968354430379748,,,1.0,1.0,0.9812316684801862
Autism,18,Autism__18__seg5,long_gap,low,0,Hybrid-P,2.671812836760159,21.22316276335991,0.9282178217821784,0.0,,0.6457190338149986,0.9462025316455696,,,1.0,1.0,0.8639738551535228
Autism,18,Autism__18__seg5,long_gap,low,0,STRATUS-H,2.5531141290387773,21.16644741052058,0.9282178217821784,0.0,,0.6436145956277383,0.9683544303797468,,,1.0,1.0,0.8706563420024951
Autism,18,Autism__18__seg5,jitter,low,0,Pointwise-D,1.5986788824689846,18.80800825612115,1.0,,,0.813512837559234,0.9970326409495548,0.0,0.0,1.0,,0.6035151595029297
Autism,18,Autism__18__seg5,jitter,low,0,STRATUS-D,1.2094357617883542,17.422850925161914,1.0,,,0.9028668608473824,0.9970326409495548,0.0,0.0,1.0,,0.6332998339323125
Autism,18,Autism__18__seg5,jitter,low,0,Hybrid-P,2.5995129584114425,20.470475526843156,1.0,,,0.6397725923642398,0.9495548961424332,0.1436692112649346,0.1436692112649346,1.0,,0.5776655665905359
Autism,18,Autism__18__seg5,jitter,low,0,STRATUS-H,2.54329041524539,20.421334449166693,1.0,,,0.6362845738328083,0.9584569732937686,0.0,0.0,1.0,,0.531580515708859
Autism,18,Autism__18__seg5,spike,low,0,Pointwise-D,0.8363827882170823,15.976033494221202,1.0,,,0.9472529738972486,0.9970501474926252,0.992580325361016,0.992580325361016,1.0,,0.9789611489169632
Autism,18,Autism__18__seg5,spike,low,0,STRATUS-D,0.8363827882170823,15.976033494221202,1.0,,,0.9472529738972486,0.9970501474926252,0.992580325361016,0.992580325361016,1.0,,0.9789611489169632
Autism,18,Autism__18__seg5,spike,low,0,Hybrid-P,2.630729203687637,20.501409109778827,1.0,,,0.6414241101211285,0.9469026548672568,0.992580325361016,0.992580325361016,1.0,,0.8603023634498004
Autism,18,Autism__18__seg5,spike,low,0,STRATUS-H,2.509126236689139,20.41758293781519,1.0,,,0.6370760085949774,0.9587020648967552,0.992580325361016,0.992580325361016,1.0,,0.8627861329509162
Autism,18,Autism__18__seg5,mixed,low,0,Pointwise-D,1.068643163564777,16.810191829743154,0.905940594059406,0.0,1.0,0.9364487602567274,0.9965986394557824,0.9057636797006104,0.9057636797006104,1.0,1.0,0.967762215882624
Autism,18,Autism__18__seg5,mixed,low,0,STRATUS-D,2.212297649854726,27.729316475055168,0.905940594059406,0.0,1.0,0.9364487602567274,0.9965986394557824,0.3035198440242197,0.3035198440242197,1.0,1.0,0.8473134487473459
Autism,18,Autism__18__seg5,mixed,low,0,Hybrid-P,2.951738512778736,21.517742998681,0.905940594059406,0.0,1.0,0.5706341947049739,0.9489795918367347,0.9063117739132248,0.9063117739132248,1.0,1.0,0.8851851120909867
Autism,18,Autism__18__seg5,mixed,low,0,STRATUS-H,2.949887151002085,21.47491417099533,0.905940594059406,0.0,1.0,0.5593395636373593,0.9455782312925172,0.9057636797006104,0.9057636797006104,1.0,1.0,0.8821362949260975
Autism,18,Autism__18__seg5,short_gap,medium,0,Pointwise-D,1.2038019461108778,17.456687538132737,1.0,,1.0,0.861723531745652,0.997005988023952,,,1.0,,0.9529098399232012
Autism,18,Autism__18__seg5,short_gap,medium,0,STRATUS-D,0.852093973945099,15.97246662545274,1.0,,1.0,0.9472529738972486,0.997005988023952,,,1.0,,0.9814196539737337
Autism,18,Autism__18__seg5,short_gap,medium,0,Hybrid-P,2.602423216893954,20.46696303008074,1.0,,1.0,0.6397725923642398,0.9461077844311376,,,1.0,,0.8619601255984591
Autism,18,Autism__18__seg5,short_gap,medium,0,STRATUS-H,2.531306044100991,20.41520613450051,1.0,,1.0,0.6362845738328083,0.9580838323353292,,,1.0,,0.8647894687227126
Autism,18,Autism__18__seg5,long_gap,medium,0,Pointwise-D,1.3079751499166437,18.64347876711362,0.8762376237623762,0.0,,0.8595174358486845,0.9966442953020134,,,1.0,1.0,0.952053910383566
Autism,18,Autism__18__seg5,long_gap,medium,0,STRATUS-D,0.9065909104958112,17.057406190970035,0.8762376237623762,0.0,,0.9464114352079,0.9966442953020134,,,1.0,1.0,0.9810185768366376
Autism,18,Autism__18__seg5,long_gap,medium,0,Hybrid-P,2.8222684448882944,21.843070560132556,0.8762376237623762,0.0,,0.6427314231989694,0.9463087248322148,,,1.0,1.0,0.8630133826770613
Autism,18,Autism__18__seg5,long_gap,medium,0,STRATUS-H,2.704570051947857,21.785221237987574,0.8762376237623762,0.0,,0.6406092385266615,0.9664429530201344,,,1.0,1.0,0.8690173971822652
Autism,18,Autism__18__seg5,jitter,medium,0,Pointwise-D,1.64746137843544,18.829306851751348,1.0,,,0.813512837559234,0.9970326409495548,0.0,0.0,1.0,,0.6035151595029297
Autism,18,Autism__18__seg5,jitter,medium,0,STRATUS-D,1.2582182577548098,17.445840659466782,1.0,,,0.9028668608473824,0.9970326409495548,0.0,0.0,1.0,,0.6332998339323125
Autism,18,Autism__18__seg5,jitter,medium,0,Hybrid-P,2.598919582280681,20.478004833809724,1.0,,,0.6421827126854305,0.9525222551928784,0.2247917803664566,0.2247917803664566,1.0,,0.6064989160815885
Autism,18,Autism__18__seg5,jitter,medium,0,STRATUS-H,2.4207401567014064,20.40251238971379,1.0,,,0.6499803052205343,0.9703264094955488,0.4839680466004559,0.4839680466004559,1.0,,0.7014249204388463
Autism,18,Autism__18__seg5,spike,medium,0,Pointwise-D,2.0240583557588803,23.48076971524424,1.0,,,0.9472529738972486,0.9940652818991098,0.7821969851131213,0.7821969851131213,1.0,,0.9078384136364932
Autism,18,Autism__18__seg5,spike,medium,0,STRATUS-D,2.84664255303338,28.857054933610183,1.0,,,0.9472529738972486,0.9940652818991098,0.6362061839164569,0.6362061839164569,1.0,,0.8591748132376051
Autism,18,Autism__18__seg5,spike,medium,0,Hybrid-P,2.5864500146664917,20.46560899373007,1.0,,,0.6414241101211285,0.9465875370919882,0.9923185081599426,0.9923185081599426,1.0,,0.8601100517910197
Autism,18,Autism__18__seg5,spike,medium,0,STRATUS-H,3.015554305857512,22.77333743917993,1.0,,,0.6362845738328083,0.9584569732937686,0.9038151014280456,0.9038151014280456,1.0,,0.8328522161848743
Autism,18,Autism__18__seg5,mixed,medium,0,Pointwise-D,2.229786015675605,19.40255458362065,0.8391089108910891,0.0,1.0,0.812011772807398,0.9961089494163424,0.9692600226609824,0.9692600226609824,1.0,1.0,0.9554761489769446
Autism,18,Autism__18__seg5,mixed,medium,0,STRATUS-D,1.7674157479618158,17.794714847473283,0.8391089108910891,0.0,1.0,0.9242270817024076,0.9961089494163424,0.9692600226609824,0.9692600226609824,1.0,1.0,0.9779192107559466
Autism,18,Autism__18__seg5,mixed,medium,0,Hybrid-P,3.718039476335317,22.5998779877954,0.8391089108910891,0.0,1.0,0.5492574753730372,0.9494163424124512,0.9693834928469192,0.9693834928469192,1.0,1.0,0.8936114621264816
Autism,18,Autism__18__seg5,mixed,medium,0,STRATUS-H,3.5168065273582254,22.528471316062223,0.8391089108910891,0.0,1.0,0.5624231736347212,0.9766536964980544,0.9692600226609824,0.9692600226609824,1.0,1.0,0.9016673785587516
Autism,18,Autism__18__seg5,short_gap,high,0,Pointwise-D,1.2369096928613303,17.463625766590187,1.0,,1.0,0.861723531745652,0.996969696969697,,,1.0,,0.9528977429051164
Autism,18,Autism__18__seg5,short_gap,high,0,STRATUS-D,0.8852017206955516,15.980049286930116,1.0,,1.0,0.9472529738972486,0.996969696969697,,,1.0,,0.9814075569556484
Autism,18,Autism__18__seg5,short_gap,high,0,Hybrid-P,2.635530963644406,20.472881106141504,1.0,,1.0,0.6397725923642398,0.9454545454545454,,,1.0,,0.8617423792729283
Autism,18,Autism__18__seg5,short_gap,high,0,STRATUS-H,2.5644137908514435,20.421139209790947,1.0,,1.0,0.6362845738328083,0.9575757575757576,,,1.0,,0.8646201104695219
Autism,18,Autism__18__seg5,long_gap,high,0,Pointwise-D,1.39886164069635,19.280335487978103,0.8193069306930693,0.0,,0.8595174358486845,0.9963636363636365,,,1.0,1.0,0.9519603574041068
Autism,18,Autism__18__seg5,long_gap,high,0,STRATUS-D,0.9695866535212,17.640083056641526,0.8193069306930693,0.0,,0.9464114352079,0.9963636363636365,,,1.0,1.0,0.9809250238571788
Autism,18,Autism__18__seg5,long_gap,high,0,Hybrid-P,3.004572596647905,22.588513361954288,0.8193069306930693,0.0,,0.6427314231989694,0.9490909090909092,,,1.0,1.0,0.8639407774299595
Autism,18,Autism__18__seg5,long_gap,high,0,STRATUS-H,2.8925009014789773,22.529399121001845,0.8193069306930693,0.0,,0.6406092385266615,0.9636363636363636,,,1.0,1.0,0.868081867387675
Autism,18,Autism__18__seg5,jitter,high,0,Pointwise-D,1.7212219916216156,18.85669330551257,1.0,,,0.813512837559234,0.9970238095238096,0.0,0.0,1.0,,0.6035122156943479
Autism,18,Autism__18__seg5,jitter,high,0,STRATUS-D,1.3319788709409852,17.475395337910292,1.0,,,0.9028668608473824,0.9970238095238096,0.0,0.0,1.0,,0.6332968901237307
Autism,18,Autism__18__seg5,jitter,high,0,Hybrid-P,2.630059407146089,20.483754063396347,1.0,,,0.6414241101211285,0.9523809523809524,0.445546500574695,0.445546500574695,1.0,,0.6797838543589254
Autism,18,Autism__18__seg5,jitter,high,0,STRATUS-H,2.3689023776016467,20.398389407006007,1.0,,,0.6591572994804408,0.9821428571428572,0.445546500574695,0.445546500574695,1.0,,0.6956155523993309
Autism,18,Autism__18__seg5,spike,high,0,Pointwise-D,3.795358430213841,45.18884411321822,1.0,,,0.8017349808394474,0.994011976047904,0.8057096864706426,0.8057096864706426,1.0,,0.8671522144526648
Autism,18,Autism__18__seg5,spike,high,0,STRATUS-D,3.795358430213841,45.18884411321822,1.0,,,0.8017349808394474,0.994011976047904,0.8057096864706426,0.8057096864706426,1.0,,0.8671522144526648
Autism,18,Autism__18__seg5,spike,high,0,Hybrid-P,2.6126773380118764,20.46903270808832,1.0,,,0.6626109743658383,0.9461077844311376,0.983406871153184,0.983406871153184,1.0,,0.8640418766500534
Autism,18,Autism__18__seg5,spike,high,0,STRATUS-H,2.537687681113809,20.41705109356916,1.0,,,0.6576347572496222,0.9580838323353292,0.983406871153184,0.983406871153184,1.0,,0.8663751535793786
Autism,18,Autism__18__seg5,mixed,high,0,Pointwise-D,1.8508514327814165,8.243909644701821,0.7896039603960396,0.0,1.0,0.9601010865785884,0.995575221238938,0.9630988961817186,0.9630988961817186,1.0,1.0,0.9837550407998488
Autism,18,Autism__18__seg5,mixed,high,0,STRATUS-D,3.278353976292287,27.31449319464335,0.7896039603960396,0.0,1.0,0.8582499600001512,0.995575221238938,0.9325456070844944,0.9325456070844944,1.0,1.0,0.9572741576647168
Autism,18,Autism__18__seg5,mixed,high,0,Hybrid-P,4.731734019970098,24.20242474796501,0.7896039603960396,0.0,1.0,0.4826696786364662,0.9513274336283186,0.9671310779503552,0.9671310779503552,1.0,1.0,0.8802256380430279
Autism,18,Autism__18__seg5,mixed,high,0,STRATUS-H,4.430126678398291,24.007085790275504,0.7896039603960396,0.0,1.0,0.494931099869871,0.9778761061946902,0.9707883208160444,0.9707883208160444,1.0,1.0,0.888719105376121
Autism,18,Autism__18__seg5,short_gap,low,1,Pointwise-D,1.2505569630582918,17.47075316773814,1.0,,1.0,0.8612460557200802,0.997005988023952,,,1.0,,0.9527506812480108
Autism,18,Autism__18__seg5,short_gap,low,1,STRATUS-D,0.8988489908925129,15.987838082281016,1.0,,1.0,0.9470708356006736,0.997005988023952,,,1.0,,0.9813589412082084
Autism,18,Autism__18__seg5,short_gap,low,1,Hybrid-P,2.6327847205763684,20.475959095252,1.0,,1.0,0.6407419932683828,0.9491017964071856,,,1.0,,0.8632812632251895
Autism,18,Autism__18__seg5,short_gap,low,1,STRATUS-H,2.5780610610484054,20.42723471148703,1.0,,1.0,0.6350286450524603,0.9580838323353292,,,1.0,,0.8643708257959298
Autism,18,Autism__18__seg5,long_gap,low,1,Pointwise-D,1.2720417666771753,18.38560357064337,0.900990099009901,0.0,,0.8608423595749471,0.99672131147541,,,1.0,1.0,0.9525212236834524
Autism,18,Autism__18__seg5,long_gap,low,1,STRATUS-D,0.8816845668008714,16.82146943111338,0.900990099009901,0.0,,0.946916841422389,0.99672131147541,,,1.0,1.0,0.9812127176325997
Autism,18,Autism__18__seg5,long_gap,low,1,Hybrid-P,2.795491212036597,21.55316652755584,0.900990099009901,0.0,,0.64135879610921,0.9475409836065574,,,1.0,1.0,0.862966593238589
Autism,18,Autism__18__seg5,long_gap,low,1,STRATUS-H,2.745425435874993,21.50320266728972,0.900990099009901,0.0,,0.6339667831368159,0.9540983606557376,,,1.0,1.0,0.8626883812641846
Autism,18,Autism__18__seg5,jitter,low,1,Pointwise-D,1.767142841834331,18.88801120849629,1.0,,,0.8128688874333267,0.996996996996997,0.0,0.0,1.0,,0.6032886281434412
Autism,18,Autism__18__seg5,jitter,low,1,STRATUS-D,1.3778997211537003,17.509184081800495,1.0,,,0.9025314549332786,0.996996996996997,0.0,0.0,1.0,,0.6331761506434251
Autism,18,Autism__18__seg5,jitter,low,1,Hybrid-P,2.7353922272434064,20.53399191905944,1.0,,,0.6420556835852547,0.954954954954955,0.0589582235777412,0.0589582235777412,1.0,,0.5519896207059837
Autism,18,Autism__18__seg5,jitter,low,1,STRATUS-H,2.6977132826812964,20.48812685571293,1.0,,,0.6350286450524603,0.957957957957958,0.0589582235777412,0.0589582235777412,1.0,,0.5506482755293866
Autism,18,Autism__18__seg5,spike,low,1,Pointwise-D,1.1299595719744282,17.215546355713204,1.0,,,0.9472529738972486,0.9941176470588236,0.7483960521614336,0.7483960521614336,1.0,,0.8965888910391686
Autism,18,Autism__18__seg5,spike,low,1,STRATUS-D,2.1188545388423914,22.61821769780887,1.0,,,0.9472529738972486,0.9970588235294118,0.0,0.0,1.0,,0.6481039324755534
Autism,18,Autism__18__seg5,spike,low,1,Hybrid-P,2.557118425014258,20.4636850222223,1.0,,,0.6397725923642398,0.95,0.9869513075171272,0.9869513075171272,1.0,,0.8589079666271223
Autism,18,Autism__18__seg5,spike,low,1,STRATUS-H,2.806841877253359,21.401724110587107,1.0,,,0.6362845738328083,0.9588235294117649,0.7483960521614336,0.7483960521614336,1.0,,0.7811680518020022
Autism,18,Autism__18__seg5,mixed,low,1,Pointwise-D,2.1423647277405187,21.198005419344053,0.9108910891089108,0.0,1.0,0.9149281026164656,0.993421052631579,0.5026330801150543,0.5026330801150543,1.0,1.0,0.8821964470726199
Autism,18,Autism__18__seg5,mixed,low,1,STRATUS-D,3.307343089448024,30.921938291058087,0.9108910891089108,0.0,1.0,0.9149281026164656,0.993421052631579,0.0,0.0,1.0,1.0,0.781669831049609
Autism,18,Autism__18__seg5,mixed,low,1,Hybrid-P,2.0230748451710645,18.47612477115741,0.9108910891089108,0.0,1.0,0.7880388408987579,0.9473684210526316,0.905265326777736,0.905265326777736,1.0,1.0,0.9281345177458252
Autism,18,Autism__18__seg5,mixed,low,1,STRATUS-H,1.8059843038928172,18.389743223307377,0.9108910891089108,0.0,1.0,0.8144654609167037,0.9802631578947368,0.8932851069382469,0.8932851069382469,1.0,1.0,0.9376027451499376
Autism,18,Autism__18__seg5,short_gap,medium,1,Pointwise-D,1.2763388907708395,17.467015432239453,1.0,,1.0,0.8612460557200802,0.9969418960244648,,,1.0,,0.9527293172481816
Autism,18,Autism__18__seg5,short_gap,medium,1,STRATUS-D,0.9246309186050604,15.983753576907214,1.0,,1.0,0.9470708356006736,0.9969418960244648,,,1.0,,0.9813375772083796
Autism,18,Autism__18__seg5,short_gap,medium,1,Hybrid-P,2.6585666482889154,20.47277003076262,1.0,,1.0,0.6407419932683828,0.9480122324159022,,,1.0,,0.862918075228095
Autism,18,Autism__18__seg5,short_gap,medium,1,STRATUS-H,2.6038429887609524,20.424038039042127,1.0,,1.0,0.6350286450524603,0.9571865443425076,,,1.0,,0.8640717297983226
Autism,18,Autism__18__seg5,long_gap,medium,1,Pointwise-D,1.4216568543764638,19.154196088387412,0.8316831683168316,0.0,,0.8334153186339937,0.99644128113879,,,1.0,1.0,0.9432855332575946
Autism,18,Autism__18__seg5,long_gap,medium,1,STRATUS-D,0.955158280700944,17.508340487903816,0.8316831683168316,0.0,,0.9381649345433072,0.99644128113879,,,1.0,1.0,0.9782020718940324
Autism,18,Autism__18__seg5,long_gap,medium,1,Hybrid-P,3.269001899783288,22.849904210219467,0.8316831683168316,0.0,,0.5509200593621377,0.9430604982206404,,,1.0,1.0,0.8313268525275928
Autism,18,Autism__18__seg5,long_gap,medium,1,STRATUS-H,2.974210888864576,22.38124293606323,0.8316831683168316,0.0,,0.5736182900464185,0.9501779359430604,,,1.0,1.0,0.8412654086631597
Autism,18,Autism__18__seg5,jitter,medium,1,Pointwise-D,2.346634963769114,19.393168226288992,1.0,,,0.8128688874333267,0.9969325153374232,0.0,0.0,1.0,,0.6032671342569167
Autism,18,Autism__18__seg5,jitter,medium,1,STRATUS-D,1.957391843088484,18.05296467761567,1.0,,,0.9025314549332786,0.9969325153374232,0.0,0.0,1.0,,0.6331546567569006
Autism,18,Autism__18__seg5,jitter,medium,1,Hybrid-P,2.969430358531038,20.58185603412967,1.0,,,0.642399213804238,0.950920245398773,0.4427146107087123,0.4427146107087123,1.0,,0.6786780233039078
Autism,18,Autism__18__seg5,jitter,medium,1,STRATUS-H,2.6880107729816736,20.48289033256124,1.0,,,0.6579803514426162,0.9785276073619632,0.4894364086415291,0.4894364086415291,1.0,,0.7086481224820362
Autism,18,Autism__18__seg5,spike,medium,1,Pointwise-D,1.8091783542436737,20.949746504982343,1.0,,,1.0,0.9970326409495548,0.7692341910222639,0.7692341910222639,1.0,,0.9220889439906064
Autism,18,Autism__18__seg5,spike,medium,1,STRATUS-D,5.221972556054333,46.86996255396104,1.0,,,1.0,0.9970326409495548,0.333591676396971,0.333591676396971,1.0,,0.7768747724488421
Autism,18,Autism__18__seg5,spike,medium,1,Hybrid-P,3.022053677788612,21.24271456650194,1.0,,,0.6295471801189757,0.9465875370919882,0.9658167163715105,0.9658167163715105,1.0,,0.8473171445274915
Autism,18,Autism__18__seg5,spike,medium,1,STRATUS-H,3.109876280982304,21.96987259282996,1.0,,,0.6417167623363891,0.9703264094955488,0.929314751981802,0.929314751981802,1.0,,0.8471193079379132
Autism,18,Autism__18__seg5,mixed,medium,1,Pointwise-D,35.48650459389595,161.40127734247775,0.8465346534653465,0.0,1.0,0.9052847455070456,1.0,0.701041208170228,0.701041208170228,0.9649122807017544,1.0,0.9212651907354548
Autism,18,Autism__18__seg5,mixed,medium,1,STRATUS-D,38.330648493617815,165.777755095368,0.8465346534653465,0.0,1.0,0.8169511929214501,1.0,0.5313271080813735,0.5313271080813735,0.9649122807017544,1.0,0.8696556602005646
Autism,18,Autism__18__seg5,mixed,medium,1,Hybrid-P,34.79342706925566,160.11800590796528,0.8465346534653465,0.0,1.0,0.8142841079985517,0.9669117647058824,0.8388047441349925,0.8388047441349925,0.9649122807017544,1.0,0.9240001233678854
Autism,18,Autism__18__seg5,mixed,medium,1,STRATUS-H,33.889565121306724,159.29309147611863,0.8465346534653465,0.0,1.0,0.8149320374630358,0.9816176470588236,0.8388047441349925,0.8388047441349925,0.9649122807017544,1.0,0.9270708857313704
Autism,18,Autism__18__seg5,short_gap,high,1,Pointwise-D,1.3719169535169802,17.485620960100476,1.0,,1.0,0.8612460557200802,0.9968944099378882,,,1.0,,0.952713488552656
Autism,18,Autism__18__seg5,short_gap,high,1,STRATUS-D,1.0202089813512012,16.004083561938437,1.0,,1.0,0.9470708356006736,0.9968944099378882,,,1.0,,0.981321748512854
Autism,18,Autism__18__seg5,short_gap,high,1,Hybrid-P,2.7477164932132743,20.488238843322357,1.0,,1.0,0.6407419932683828,0.9503105590062112,,,1.0,,0.8636841840915314
Autism,18,Autism__18__seg5,short_gap,high,1,STRATUS-H,2.6994210515070933,20.43995210538551,1.0,,1.0,0.6350286450524603,0.9565217391304348,,,1.0,,0.8638501280609651
Autism,18,Autism__18__seg5,long_gap,high,1,Pointwise-D,1.5068665712002898,19.71986496538804,0.7846534653465347,0.0,,0.828239686083428,0.9961977186311788,,,1.0,1.0,0.9414791349048688
Autism,18,Autism__18__seg5,long_gap,high,1,STRATUS-D,1.012407515190906,18.02540334223794,0.7846534653465347,0.0,,0.9362437760374966,0.9961977186311788,,,1.0,1.0,0.9774804982228916
Autism,18,Autism__18__seg5,long_gap,high,1,Hybrid-P,3.1998349344218804,23.09399512454021,0.7846534653465347,0.0,,0.5663969173066443,0.9429657794676806,,,1.0,1.0,0.8364542322581082
Autism,18,Autism__18__seg5,long_gap,high,1,STRATUS-H,3.152475894821759,23.042214166549726,0.7846534653465347,0.0,,0.560371003207642,0.946768060836502,,,1.0,1.0,0.8357130213480479
Autism,18,Autism__18__seg5,jitter,high,1,Pointwise-D,2.9520180072145146,20.060992234199663,1.0,,,0.8128688874333267,0.9968553459119496,0.0,0.0,1.0,,0.6032414111150922
Autism,18,Autism__18__seg5,jitter,high,1,STRATUS-D,2.600310035048736,18.783693984885456,1.0,,,0.8986936673139201,0.9968553459119496,0.0,0.0,1.0,,0.6318496710752899
Autism,18,Autism__18__seg5,jitter,high,1,Hybrid-P,3.315977126717068,20.731395632479256,1.0,,,0.6309441562630418,0.9528301886792452,0.4751280302026955,0.4751280302026955,1.0,,0.6863007917149943
Autism,18,Autism__18__seg5,jitter,high,1,STRATUS-H,3.1274087343116324,20.67429302008155,1.0,,,0.6389845105140386,0.9748427672955976,0.5266735104602747,0.5266735104602747,1.0,,0.713500262756637
Autism,18,Autism__18__seg5,spike,high,1,Pointwise-D,2.0975703298198427,24.87679995109796,1.0,,,1.0,0.9970149253731344,0.8863708299948734,0.8863708299948734,1.0,,0.9611285851226692
Autism,18,Autism__18__seg5,spike,high,1,STRATUS-D,3.9947740207119176,36.79466601374114,1.0,,,1.0,0.9970149253731344,0.783589963591313,0.783589963591313,1.0,,0.9268682963214824
Autism,18,Autism__18__seg5,spike,high,1,Hybrid-P,2.663522352156681,20.518640170990174,1.0,,,0.6369846548154698,0.9552238805970148,0.991498558180092,0.991498558180092,1.0,,0.8612356978641923
Autism,18,Autism__18__seg5,spike,high,1,STRATUS-H,2.630526907209891,20.47270195021445,1.0,,,0.6317814869716325,0.9582089552238806,0.991498558180092,0.991498558180092,1.0,,0.860496333458535
Autism,18,Autism__18__seg5,mixed,high,1,Pointwise-D,9.290837500528164,56.20663293313063,0.7970297029702971,0.0,1.0,1.0,0.991701244813278,0.6332224032936697,0.6332224032936697,1.0,1.0,0.9249847296213896
Autism,18,Autism__18__seg5,mixed,high,1,STRATUS-D,9.290837500528164,56.20663293313063,0.7970297029702971,0.0,1.0,1.0,0.991701244813278,0.6332224032936697,0.6332224032936697,1.0,1.0,0.9249847296213896
Autism,18,Autism__18__seg5,mixed,high,1,Hybrid-P,2.830622493592271,19.91727548897492,0.7970297029702971,0.0,1.0,0.7204513576794414,0.9626556016597512,0.9696392600536416,0.9696392600536416,1.0,1.0,0.9305492438785667
Autism,18,Autism__18__seg5,mixed,high,1,STRATUS-H,2.880766907516193,20.012670124653923,0.7970297029702971,0.0,1.0,0.7132233900938482,0.983402489626556,0.9652767089879396,0.9652767089879396,1.0,1.0,0.9323805177416687
Autism,23,Autism__23__seg10,short_gap,low,0,Pointwise-D,2.8708961129280564,35.39840848535433,1.0,,1.0,0.835183362369674,0.9970501474926252,,,1.0,,0.9440778366207664
Autism,23,Autism__23__seg10,short_gap,low,0,STRATUS-D,1.807242669843366,29.333168709108836,1.0,,1.0,0.9354525205395404,0.9970501474926252,,,1.0,,0.9775008893440552
Autism,23,Autism__23__seg10,short_gap,low,0,Hybrid-P,7.374847612930023,43.67190889981848,1.0,,1.0,0.4678367801801119,0.8702064896755162,,,1.0,,0.7793477566185426
Autism,23,Autism__23__seg10,short_gap,low,0,STRATUS-H,7.06381743433403,43.188267703049554,1.0,,1.0,0.4879699683864461,0.8908554572271387,,,1.0,,0.7929418085378616
Autism,23,Autism__23__seg10,long_gap,low,0,Pointwise-D,2.6763532897585733,36.0389897143764,0.9280397022332506,0.0,,0.835183362369674,0.9968253968253968,,,1.0,1.0,0.9440029197316904
Autism,23,Autism__23__seg10,long_gap,low,0,STRATUS-D,1.5302240449373696,29.593124619774056,0.9280397022332506,0.0,,0.9354525205395404,0.9968253968253968,,,1.0,1.0,0.9774259724549792
Autism,23,Autism__23__seg10,long_gap,low,0,Hybrid-P,7.5498686549511165,44.76682331810614,0.9280397022332506,0.0,,0.4678367801801119,0.8603174603174604,,,1.0,1.0,0.7760514134991907
Autism,23,Autism__23__seg10,long_gap,low,0,STRATUS-H,7.217614514327677,44.25788194707911,0.9280397022332506,0.0,,0.4881942833430139,0.8857142857142857,,,1.0,1.0,0.7913028563524332
Autism,23,Autism__23__seg10,jitter,low,0,Pointwise-D,3.4035606955904125,38.62772651958378,1.0,,,0.7364325693224809,0.9970414201183432,0.0,0.0,1.0,,0.5778246631469414
Autism,23,Autism__23__seg10,jitter,low,0,STRATUS-D,1.4899708732188988,28.51593883047145,1.0,,,0.9354525205395404,0.9970414201183432,0.0,0.0,1.0,,0.6441646468859612
Autism,23,Autism__23__seg10,jitter,low,0,Hybrid-P,7.374348680710749,43.67211690944352,1.0,,,0.4678367801801119,0.8757396449704142,-4.901062084917452,0.0,1.0,,0.4478588083835086
Autism,23,Autism__23__seg10,jitter,low,0,STRATUS-H,7.083489312722285,43.18992874437726,1.0,,,0.4879699683864461,0.893491124260355,-4.901062084917452,0.0,1.0,,0.460487030882267
Autism,23,Autism__23__seg10,spike,low,0,Pointwise-D,2.383476141121835,33.66554692927622,1.0,,,0.935325947344386,0.9970588235294118,0.8307122120496924,0.8307122120496924,1.0,,0.9210323276411634
Autism,23,Autism__23__seg10,spike,low,0,STRATUS-D,3.721434332686704,43.76393987795964,1.0,,,0.9830910929305728,0.9970588235294118,0.594899775744281,0.594899775744281,1.0,,0.8583498974014218
Autism,23,Autism__23__seg10,spike,low,0,Hybrid-P,7.285305361458812,43.619699632737166,1.0,,,0.4627573421786661,0.8735294117647059,0.9754423462070774,0.9754423462070774,1.0,,0.7705763667168165
Autism,23,Autism__23__seg10,spike,low,0,STRATUS-H,6.989132281295362,43.17340224547678,1.0,,,0.4793630454491064,0.8941176470588236,0.9754423462070774,0.9754423462070774,1.0,,0.7829743462383357
Autism,23,Autism__23__seg10,mixed,low,0,Pointwise-D,2.870331022100377,32.847298520082134,0.9057071960297768,0.0,1.0,0.9094725365426274,0.9966216216216216,0.586826635584127,0.586826635584127,1.0,1.0,0.898584158749675
Autism,23,Autism__23__seg10,mixed,low,0,STRATUS-D,3.899585782680504,39.53810478534104,0.9057071960297768,0.0,1.0,0.9433428858259104,0.9966216216216216,0.0,0.0,1.0,1.0,0.7879929014895064
Autism,23,Autism__23__seg10,mixed,low,0,Hybrid-P,6.0438357245977485,36.38253415152528,0.9057071960297768,0.0,1.0,0.5862789037187931,0.8716216216216216,0.8847072033306222,0.8847072033306222,1.0,1.0,0.8685215457342075
Autism,23,Autism__23__seg10,mixed,low,0,STRATUS-H,6.147725563607668,36.43882598847192,0.9057071960297768,0.0,1.0,0.5620528532632714,0.8885135135135135,0.8847072033306222,0.8847072033306222,1.0,1.0,0.8670547140214815
Autism,23,Autism__23__seg10,short_gap,medium,0,Pointwise-D,2.895630021162068,35.41471025433821,1.0,,1.0,0.835183362369674,0.9970149253731344,,,1.0,,0.9440660959142694
Autism,23,Autism__23__seg10,short_gap,medium,0,STRATUS-D,1.831976578077378,29.35283914069922,1.0,,1.0,0.9354525205395404,0.9970149253731344,,,1.0,,0.9774891486375582
Autism,23,Autism__23__seg10,short_gap,medium,0,Hybrid-P,7.399581521164036,43.68512339523339,1.0,,1.0,0.4678367801801119,0.8686567164179104,,,1.0,,0.7788311655326741
Autism,23,Autism__23__seg10,short_gap,medium,0,STRATUS-H,7.083096007580449,43.2014913254048,1.0,,1.0,0.4879699683864461,0.8925373134328358,,,1.0,,0.7935024272730941
Autism,23,Autism__23__seg10,long_gap,medium,0,Pointwise-D,2.835569774418432,37.09548522817352,0.8759305210918115,0.0,,0.835183362369674,0.9965986394557824,,,1.0,1.0,0.9439273339418188
Autism,23,Autism__23__seg10,long_gap,medium,0,STRATUS-D,1.621257203418063,30.460657357173694,0.8759305210918115,0.0,,0.9354525205395404,0.9965986394557824,,,1.0,1.0,0.9773503866651077
Autism,23,Autism__23__seg10,long_gap,medium,0,Hybrid-P,7.869462780064949,46.06867969939351,0.8759305210918115,0.0,,0.4678367801801119,0.8775510204081632,,,1.0,1.0,0.781795933529425
Autism,23,Autism__23__seg10,long_gap,medium,0,STRATUS-H,7.545532513042022,45.54584248258201,0.8759305210918115,0.0,,0.4896374945290815,0.8945578231292517,,,1.0,1.0,0.7947317725527778
Autism,23,Autism__23__seg10,jitter,medium,0,Pointwise-D,3.452464239933956,38.63812711769568,1.0,,,0.7364325693224809,0.9970414201183432,0.0,0.0,1.0,,0.5778246631469414
Autism,23,Autism__23__seg10,jitter,medium,0,STRATUS-D,1.538874417562442,28.530025910865263,1.0,,,0.9354525205395404,0.9970414201183432,0.0,0.0,1.0,,0.6441646468859612
Autism,23,Autism__23__seg10,jitter,medium,0,Hybrid-P,7.36650170358868,43.674255935652965,1.0,,,0.4678367801801119,0.8757396449704142,-2.405141947196302,0.0,1.0,,0.4478588083835086
Autism,23,Autism__23__seg10,jitter,medium,0,STRATUS-H,7.075642335600216,43.19209165026859,1.0,,,0.4879699683864461,0.893491124260355,-2.405141947196302,0.0,1.0,,0.460487030882267
Autism,23,Autism__23__seg10,spike,medium,0,Pointwise-D,5.245504621589239,43.90850268158957,1.0,,,0.850963204329611,0.9970414201183432,0.5137705864402746,0.5137705864402746,1.0,,0.7872584036294096
Autism,23,Autism__23__seg10,spike,medium,0,STRATUS-D,5.484548233922687,47.23102287809088,1.0,,,0.9801912810540494,0.9970414201183432,0.2972810501202654,0.2972810501202654,1.0,,0.7581712504308861
Autism,23,Autism__23__seg10,spike,medium,0,Hybrid-P,8.37480149426453,46.287644968874645,1.0,,,0.4290543733790047,0.878698224852071,0.9616894091944952,0.9616894091944952,1.0,,0.756480669141857
Autism,23,Autism__23__seg10,spike,medium,0,STRATUS-H,8.239728723146754,45.88497295213877,1.0,,,0.4415004251926295,0.8846153846153846,0.9616894091944952,0.9616894091944952,1.0,,0.762601739667503
Autism,23,Autism__23__seg10,mixed,medium,0,Pointwise-D,3.2440672709932863,29.14711589917348,0.8387096774193549,0.0,1.0,1.0,1.0,0.8877872806096294,0.8877872806096294,1.0,1.0,0.9775574561219258
Autism,23,Autism__23__seg10,mixed,medium,0,STRATUS-D,7.801392130856409,66.2684807638466,0.8387096774193549,0.0,1.0,1.0,1.0,0.7020295865939199,0.7020295865939199,1.0,1.0,0.940405917318784
Autism,23,Autism__23__seg10,mixed,medium,0,Hybrid-P,6.547800080383418,37.69568874321188,0.8387096774193549,0.0,1.0,0.5357033597618691,0.8841698841698842,0.9741922915986948,0.9741922915986948,1.0,1.0,0.8788131071060896
Autism,23,Autism__23__seg10,mixed,medium,0,STRATUS-H,6.800196078060198,37.76767143315265,0.8387096774193549,0.0,1.0,0.5074958954405164,0.8687258687258688,0.973475600024564,0.973475600024564,1.0,1.0,0.8699394728381898
Autism,23,Autism__23__seg10,short_gap,high,0,Pointwise-D,2.9329135334982883,35.42343689318931,1.0,,1.0,0.835183362369674,0.9969788519637462,,,1.0,,0.9440540714444734
Autism,23,Autism__23__seg10,short_gap,high,0,STRATUS-D,1.8692600904135976,29.363367391135533,1.0,,1.0,0.9354525205395404,0.9969788519637462,,,1.0,,0.9774771241677622
Autism,23,Autism__23__seg10,short_gap,high,0,Hybrid-P,7.411238887905133,43.69062693614936,1.0,,1.0,0.4678367801801119,0.8731117824773413,,,1.0,,0.7803161875524843
Autism,23,Autism__23__seg10,short_gap,high,0,STRATUS-H,7.1203795199166695,43.20864533477141,1.0,,1.0,0.4879699683864461,0.8912386706948641,,,1.0,,0.7930695463604368
Autism,23,Autism__23__seg10,long_gap,high,0,Pointwise-D,3.0332003950597164,38.3664343350276,0.8188585607940446,0.0,,0.835183362369674,0.996309963099631,,,1.0,1.0,0.9438311084897684
Autism,23,Autism__23__seg10,long_gap,high,0,STRATUS-D,1.7342539175956857,31.50428692622124,0.8188585607940446,0.0,,0.9354525205395404,0.996309963099631,,,1.0,1.0,0.9772541612130572
Autism,23,Autism__23__seg10,long_gap,high,0,Hybrid-P,8.259476435252479,47.63498385665521,0.8188585607940446,0.0,,0.46848638971438,0.8929889298892989,,,1.0,1.0,0.787158439867893
Autism,23,Autism__23__seg10,long_gap,high,0,STRATUS-H,7.82477052372449,47.07870675198158,0.8188585607940446,0.0,,0.4923422043738641,0.918819188191882,,,1.0,1.0,0.803720464188582
Autism,23,Autism__23__seg10,jitter,high,0,Pointwise-D,3.526407881936969,38.651513735831365,1.0,,,0.7364325693224809,0.9970326409495548,0.0,0.0,1.0,,0.5778217367573453
Autism,23,Autism__23__seg10,jitter,high,0,STRATUS-D,1.612818059565456,28.54815274904129,1.0,,,0.9354525205395404,0.9970326409495548,0.0,0.0,1.0,,0.6441617204963651
Autism,23,Autism__23__seg10,jitter,high,0,Hybrid-P,7.357231497980617,43.65455792856309,1.0,,,0.4678367801801119,0.8753709198813057,-1.0504658763293078,0.0,1.0,,0.4477359000204725
Autism,23,Autism__23__seg10,jitter,high,0,STRATUS-H,7.066372129992153,43.17217364843416,1.0,,,0.4879699683864461,0.8931750741839762,-1.0504658763293078,0.0,1.0,,0.4603816808568075
Autism,23,Autism__23__seg10,spike,high,0,Pointwise-D,2.575132768797066,32.832922317714285,1.0,,,0.9936019730741354,1.0,0.868721415394782,0.868721415394782,1.0,,0.9541077961563058
Autism,23,Autism__23__seg10,spike,high,0,STRATUS-D,2.575132768797066,32.832922317714285,1.0,,,0.9936019730741354,1.0,0.868721415394782,0.868721415394782,1.0,,0.9541077961563058
Autism,23,Autism__23__seg10,spike,high,0,Hybrid-P,7.53770655395089,43.77418385996679,1.0,,,0.4638806532222219,0.8809523809523809,0.9796856619522608,0.9796856619522608,1.0,,0.7748395653756214
Autism,23,Autism__23__seg10,spike,high,0,STRATUS-H,7.308321075394351,43.30383881842759,1.0,,,0.4880685715601129,0.8928571428571429,0.9796856619522608,0.9796856619522608,1.0,,0.786870458789839
Autism,23,Autism__23__seg10,mixed,high,0,Pointwise-D,4.090445798815278,28.85383673688767,0.7890818858560794,0.0,1.0,0.9764060261378444,1.0,0.9248700815507754,0.9248700815507754,1.0,1.0,0.980255221537724
Autism,23,Autism__23__seg10,mixed,high,0,STRATUS-D,4.090445798815278,28.85383673688767,0.7890818858560794,0.0,1.0,0.9764060261378444,1.0,0.9248700815507754,0.9248700815507754,1.0,1.0,0.980255221537724
Autism,23,Autism__23__seg10,mixed,high,0,Hybrid-P,9.546575323643744,42.12431031744735,0.7890818858560794,0.0,1.0,0.4405596727381962,0.9106382978723404,0.9636456230295092,0.9636456230295092,1.0,1.0,0.8629687187280093
Autism,23,Autism__23__seg10,mixed,high,0,STRATUS-H,9.504552333469258,42.09208793863216,0.7890818858560794,0.0,1.0,0.4321318910901761,0.9319148936170212,0.9639845351069816,0.9639845351069816,1.0,1.0,0.8656062639628358
Autism,23,Autism__23__seg10,short_gap,low,1,Pointwise-D,4.271532146051807,39.1756986330988,1.0,,1.0,0.8212778838696757,0.9970149253731344,,,1.0,,0.93943093641427
Autism,23,Autism__23__seg10,short_gap,low,1,STRATUS-D,3.3487909589160245,35.29667419486073,1.0,,1.0,0.9293587564972878,0.9970149253731344,,,1.0,,0.9754578939568074
Autism,23,Autism__23__seg10,short_gap,low,1,Hybrid-P,8.148717863863679,44.13761823011083,1.0,,1.0,0.4863960492288777,0.8776119402985074,,,1.0,,0.7880026631757951
Autism,23,Autism__23__seg10,short_gap,low,1,STRATUS-H,7.786132947015534,43.65637137885916,1.0,,1.0,0.509012612887655,0.9104477611940298,,,1.0,,0.8064867913605616
Autism,23,Autism__23__seg10,long_gap,low,1,Pointwise-D,2.6010151273341497,34.9714694180537,0.9007444168734492,0.0,,0.8175073234367476,0.9967320261437908,,,1.0,1.0,0.9380797831935128
Autism,23,Autism__23__seg10,long_gap,low,1,STRATUS-D,1.5765944705415322,30.03815898501096,0.9007444168734492,0.0,,0.9278684144878528,0.9967320261437908,,,1.0,1.0,0.9748668135438812
Autism,23,Autism__23__seg10,long_gap,low,1,Hybrid-P,8.16797175756371,43.86425723162535,0.9007444168734492,0.0,,0.4357632740906858,0.8725490196078431,,,1.0,1.0,0.769437431232843
Autism,23,Autism__23__seg10,long_gap,low,1,STRATUS-H,7.836295206670353,43.33490725254352,0.9007444168734492,0.0,,0.4589862481379755,0.8954248366013072,,,1.0,1.0,0.7848036949130942
Autism,23,Autism__23__seg10,jitter,low,1,Pointwise-D,3.5225960556232385,38.46381359975218,1.0,,,0.8212778838696757,0.997005988023952,-3.941465591572488,0.0,1.0,,0.6060946239645426
Autism,23,Autism__23__seg10,jitter,low,1,STRATUS-D,1.6588528572973105,28.5688999366461,1.0,,,0.9293587564972878,0.997005988023952,0.0,0.0,1.0,,0.64212158150708
Autism,23,Autism__23__seg10,jitter,low,1,Hybrid-P,7.426989597656286,43.5143101342599,1.0,,,0.4863960492288777,0.8802395209580839,-4.040015315216973,0.0,1.0,,0.4555451900623206
Autism,23,Autism__23__seg10,jitter,low,1,STRATUS-H,7.040317315321494,43.01912665857009,1.0,,,0.509012612887655,0.9101796407185628,-3.9545358938522,0.0,1.0,,0.4730640845354059
Autism,23,Autism__23__seg10,spike,low,1,Pointwise-D,4.661450477913412,41.82045964518468,1.0,,,0.7467361000419932,0.9970501474926252,0.0,0.0,1.0,,0.5812620825115395
Autism,23,Autism__23__seg10,spike,low,1,STRATUS-D,2.7549172312242804,32.71128893418721,1.0,,,0.9376207902779996,0.9970501474926252,0.0,0.0,1.0,,0.6448903125902083
Autism,23,Autism__23__seg10,spike,low,1,Hybrid-P,7.339317557898501,43.66816766517896,1.0,,,0.4498850422067594,0.8731563421828908,0.9895120010047876,0.9895120010047876,1.0,,0.7708511284648125
Autism,23,Autism__23__seg10,spike,low,1,STRATUS-H,7.370837118231762,43.665897833632286,1.0,,,0.469958296052005,0.8938053097345132,0.7517253211589288,0.7517253211589288,1.0,,0.7051629756484824
Autism,23,Autism__23__seg10,mixed,low,1,Pointwise-D,4.987011625200514,39.258983785014536,0.9106699751861044,0.0,1.0,0.9161766561929772,0.9932659932659932,0.4833890010839087,0.4833890010839087,1.0,1.0,0.8785663301085759
Autism,23,Autism__23__seg10,mixed,low,1,STRATUS-D,6.022744598271148,45.228532327649006,0.9106699751861044,0.0,1.0,0.9166622970134588,0.9932659932659932,0.0,0.0,1.0,1.0,0.7819856580558904
Autism,23,Autism__23__seg10,mixed,low,1,Hybrid-P,8.35206391841251,45.06839046221863,0.9106699751861044,0.0,1.0,0.4882002771746556,0.8922558922558923,0.8713545554611776,0.8713545554611776,1.0,1.0,0.8503621449783451
Autism,23,Autism__23__seg10,mixed,low,1,STRATUS-H,8.018612917110202,44.55940080451551,0.9106699751861044,0.0,1.0,0.5139999904530778,0.9225589225589226,0.8520674714491046,0.8520674714491046,1.0,1.0,0.8577252768922211
Autism,23,Autism__23__seg10,short_gap,medium,1,Pointwise-D,5.945199748213048,41.40187493652228,1.0,,1.0,0.8175073234367476,0.9969604863221884,,,1.0,,0.938155936586312
Autism,23,Autism__23__seg10,short_gap,medium,1,STRATUS-D,5.022458561077265,37.75228594517424,1.0,,1.0,0.9278684144878528,0.9969604863221884,,,1.0,,0.9749429669366804
Autism,23,Autism__23__seg10,short_gap,medium,1,Hybrid-P,9.833026334391713,46.12571057577004,1.0,,1.0,0.4755603744008057,0.8753799392097265,,,1.0,,0.7836467712035108
Autism,23,Autism__23__seg10,short_gap,medium,1,STRATUS-H,9.45987821667057,45.66463236759843,1.0,,1.0,0.4986539362573334,0.9088145896656536,,,1.0,,0.8024895086409957
Autism,23,Autism__23__seg10,long_gap,medium,1,Pointwise-D,2.3553081467879955,32.90069054550194,0.8312655086848635,0.0,,0.8311370803424327,0.9965156794425089,,,1.0,1.0,0.9425509199283136
Autism,23,Autism__23__seg10,long_gap,medium,1,STRATUS-D,1.708369530765899,31.26829643540746,0.8312655086848635,0.0,,0.9077424886856358,0.9965156794425089,,,1.0,1.0,0.9680860560427148
Autism,23,Autism__23__seg10,long_gap,medium,1,Hybrid-P,6.367186754866532,38.43410065810048,0.8312655086848635,0.0,,0.4698489684439171,0.8745644599303136,,,1.0,1.0,0.7814711427914102
Autism,23,Autism__23__seg10,long_gap,medium,1,STRATUS-H,5.619881623515808,37.01696920336752,0.8312655086848635,0.0,,0.5562717521657646,0.8954703832752613,,,1.0,1.0,0.8172473784803419
Autism,23,Autism__23__seg10,jitter,medium,1,Pointwise-D,4.121214052712288,38.720814879615695,1.0,,,0.8175073234367476,0.9969512195121952,-1.169598692843164,0.0,1.0,,0.6048195143163143
Autism,23,Autism__23__seg10,jitter,medium,1,STRATUS-D,2.239782924944091,28.906193716202164,1.0,,,0.9278684144878528,0.9969512195121952,0.0,0.0,1.0,,0.6416065446666827
Autism,23,Autism__23__seg10,jitter,medium,1,Hybrid-P,7.819859012618658,43.65219062274272,1.0,,,0.4755603744008057,0.8902439024390244,-0.9894265055344682,0.0,1.0,,0.4552680922799433
Autism,23,Autism__23__seg10,jitter,medium,1,STRATUS-H,7.532462793983429,43.15838616139176,1.0,,,0.4989047584791313,0.902439024390244,-0.9498478201383722,0.0,1.0,,0.4671145942897918
Autism,23,Autism__23__seg10,spike,medium,1,Pointwise-D,4.149861199746328,41.53903164031842,1.0,,,0.9379758480074994,0.9940298507462688,0.6527538232390064,0.6527538232390064,1.0,,0.8615865073309248
Autism,23,Autism__23__seg10,spike,medium,1,STRATUS-D,6.657986945835255,54.90895182861385,1.0,,,0.9379758480074994,0.9940298507462688,0.3333845402552896,0.3333845402552896,1.0,,0.7551300796696859
Autism,23,Autism__23__seg10,spike,medium,1,Hybrid-P,7.335353319822882,43.66742291354602,1.0,,,0.4494709731206028,0.8865671641791045,0.9927223874492502,0.9927223874492502,1.0,,0.7762535082496526
Autism,23,Autism__23__seg10,spike,medium,1,STRATUS-H,7.630280940180516,44.09009295182596,1.0,,,0.4349076183828912,0.9074626865671642,0.9561565198176608,0.9561565198176608,1.0,,0.7661756082559054
Autism,23,Autism__23__seg10,mixed,medium,1,Pointwise-D,31.58571598802576,150.08288457448205,0.8461538461538461,0.0,1.0,0.970769621769626,0.9923076923076924,0.8538984307833216,0.8538984307833216,0.9912023460410556,1.0,0.963395148972128
Autism,23,Autism__23__seg10,mixed,medium,1,STRATUS-D,31.58571598802576,150.08288457448205,0.8461538461538461,0.0,1.0,0.970769621769626,0.9923076923076924,0.8538984307833216,0.8538984307833216,0.9912023460410556,1.0,0.963395148972128
Autism,23,Autism__23__seg10,mixed,medium,1,Hybrid-P,33.98879685075469,151.02632332302923,0.8461538461538461,0.0,1.0,0.5438832232051524,0.9230769230769232,0.9358273454090178,0.9358273454090178,0.9912023460410556,1.0,0.8805574983382186
Autism,23,Autism__23__seg10,mixed,medium,1,STRATUS-H,33.73840426361594,150.8672256704239,0.8461538461538461,0.0,1.0,0.5726354178045635,0.9346153846153846,0.9378935215308164,0.9378935215308164,0.9912023460410556,1.0,0.889028864790153
Autism,23,Autism__23__seg10,short_gap,high,1,Pointwise-D,6.312216020568584,41.638045443566845,1.0,,1.0,0.8175073234367476,0.9969135802469136,,,1.0,,0.9381403012278872
Autism,23,Autism__23__seg10,short_gap,high,1,STRATUS-D,5.389474833432802,38.0111388172902,1.0,,1.0,0.9278684144878528,0.9969135802469136,,,1.0,,0.9749273315782556
Autism,23,Autism__23__seg10,short_gap,high,1,Hybrid-P,10.1664579759541,46.33290624888891,1.0,,1.0,0.4755603744008057,0.8765432098765432,,,1.0,,0.7840345280924496
Autism,23,Autism__23__seg10,short_gap,high,1,STRATUS-H,9.826816821532312,45.87886470846932,1.0,,1.0,0.4986540872893872,0.9074074074074074,,,1.0,,0.802020498232265
Autism,23,Autism__23__seg10,long_gap,high,1,Pointwise-D,2.4969247758670208,33.87535659367849,0.7841191066997518,0.0,,0.8030637773473237,0.996309963099631,,,1.0,1.0,0.9331245801489848
Autism,23,Autism__23__seg10,long_gap,high,1,STRATUS-D,1.811087951919545,32.194603647037646,0.7841191066997518,0.0,,0.8924047634233047,0.996309963099631,,,1.0,1.0,0.9629049088409783
Autism,23,Autism__23__seg10,long_gap,high,1,Hybrid-P,6.3277415064052,38.84089315694917,0.7841191066997518,0.0,,0.4449210725896564,0.8634686346863468,,,1.0,1.0,0.7694632357586677
Autism,23,Autism__23__seg10,long_gap,high,1,STRATUS-H,5.957785898347455,38.11357789123142,0.7841191066997518,0.0,,0.4825023445646147,0.8892988929889298,,,1.0,1.0,0.7906004125178482
Autism,23,Autism__23__seg10,jitter,high,1,Pointwise-D,4.68672923774184,39.64998939736476,1.0,,,0.8175073234367476,0.996875,-0.643029537731894,0.0,1.0,,0.6047941078122492
Autism,23,Autism__23__seg10,jitter,high,1,STRATUS-D,2.846668159564293,29.35952743930832,1.0,,,0.9278684144878528,0.996875,0.0,0.0,1.0,,0.6415811381626176
Autism,23,Autism__23__seg10,jitter,high,1,Hybrid-P,8.144826543358276,44.3404897419927,1.0,,,0.4762863108132302,0.909375,-0.4604061572234537,0.0,1.0,,0.4618871036044101
Autism,23,Autism__23__seg10,jitter,high,1,STRATUS-H,8.041432705415996,43.93031264067184,1.0,,,0.4989047584791313,0.90625,-0.5120135776827566,0.0,1.0,,0.4683849194930438
Autism,23,Autism__23__seg10,spike,high,1,Pointwise-D,5.346160324504835,46.55871810347739,1.0,,,0.9379758480074994,0.993975903614458,0.7881971367931465,0.7881971367931465,1.0,,0.906716296138368
Autism,23,Autism__23__seg10,spike,high,1,STRATUS-D,6.439926954218535,51.553645805236926,1.0,,,0.9379758480074994,0.993975903614458,0.7290890824973671,0.7290890824973671,1.0,,0.8870136113731082
Autism,23,Autism__23__seg10,spike,high,1,Hybrid-P,7.360970262782306,43.66120506823885,1.0,,,0.4487410155794005,0.8885542168674698,0.9957749547725157,0.9957749547725157,1.0,,0.777690062406462
Autism,23,Autism__23__seg10,spike,high,1,STRATUS-H,7.41770112811677,43.69434951472303,1.0,,,0.4341775309729916,0.8975903614457831,0.9957749547725157,0.9957749547725157,1.0,,0.77584761573043
Autism,23,Autism__23__seg10,mixed,high,1,Pointwise-D,12.852076391552536,59.01376209508867,0.7965260545905707,0.0,1.0,1.0,0.9912663755458516,0.6801597130016281,0.6801597130016281,1.0,1.0,0.934285217709496
Autism,23,Autism__23__seg10,mixed,high,1,STRATUS-D,12.852076391552536,59.01376209508867,0.7965260545905707,0.0,1.0,1.0,0.9912663755458516,0.6801597130016281,0.6801597130016281,1.0,1.0,0.934285217709496
Autism,23,Autism__23__seg10,mixed,high,1,Hybrid-P,11.060701931404706,46.752871354050185,0.7965260545905707,0.0,1.0,0.57613917538604,0.9388646288209608,0.939172900550655,0.939172900550655,1.0,1.0,0.890835340951531
Autism,23,Autism__23__seg10,mixed,high,1,STRATUS-H,10.86630271239299,46.74290337604172,0.7965260545905707,0.0,1.0,0.5692291203670624,0.965065502183406,0.9394667197159629,0.9394667197159629,1.0,1.0,0.8947522684532864
Autism,2,Autism__2__seg7,short_gap,low,0,Pointwise-D,0.688036857161224,9.63838133920551,1.0,,1.0,0.9498672626124182,0.9970414201183432,,,1.0,,0.9823028942435872
Autism,2,Autism__2__seg7,short_gap,low,0,STRATUS-D,0.5269386470321735,9.078189851727291,1.0,,1.0,0.9655017735976236,0.9970414201183432,,,1.0,,0.987514397905322
Autism,2,Autism__2__seg7,short_gap,low,0,Hybrid-P,1.9906598553235235,10.82674143556448,1.0,,1.0,0.8821444554912005,0.9112426035502958,,,1.0,,0.9311290196804988
Autism,2,Autism__2__seg7,short_gap,low,0,STRATUS-H,1.7785908716379797,10.801803265698208,1.0,,1.0,0.8949248522243257,0.9467455621301776,,,1.0,,0.9472234714515012
Autism,2,Autism__2__seg7,long_gap,low,0,Pointwise-D,0.658672138196966,9.977331658728534,0.9282178217821784,0.0,,0.9494249959725036,0.9968354430379748,,,1.0,1.0,0.9820868130034928
Autism,2,Autism__2__seg7,long_gap,low,0,STRATUS-D,0.4851156664846024,9.394224486395885,0.9282178217821784,0.0,,0.9651974332509944,0.9968354430379748,,,1.0,1.0,0.987344292096323
Autism,2,Autism__2__seg7,long_gap,low,0,Hybrid-P,2.1524622131287905,11.264918309012277,0.9282178217821784,0.0,,0.8779846911406671,0.9050632911392406,,,1.0,1.0,0.9276826607599692
Autism,2,Autism__2__seg7,long_gap,low,0,STRATUS-H,1.813554223835921,11.181082874989048,0.9282178217821784,0.0,,0.8939978884284727,0.9462025316455696,,,1.0,1.0,0.9467334733580142
Autism,2,Autism__2__seg7,jitter,low,0,Pointwise-D,0.8969091736268154,10.209394597570077,1.0,,,0.9283771311215512,0.9970326409495548,0.0,0.0,1.0,,0.6418032573570355
Autism,2,Autism__2__seg7,jitter,low,0,STRATUS-D,0.6776061271588668,9.61135795773752,1.0,,,0.9484382896425938,0.9970326409495548,0.0,0.0,1.0,,0.6484903101973829
Autism,2,Autism__2__seg7,jitter,low,0,Hybrid-P,2.002624984872971,10.83005775827083,1.0,,,0.8821444554912005,0.9080118694362018,0.0,0.0,1.0,,0.5967187749758008
Autism,2,Autism__2__seg7,jitter,low,0,STRATUS-H,1.7716345118146322,10.79843199407616,1.0,,,0.8949248522243257,0.9465875370919882,0.0,0.0,1.0,,0.613837463105438
Autism,2,Autism__2__seg7,spike,low,0,Pointwise-D,0.1142527107467726,1.144171866348143,1.0,,,1.0,0.9970501474926252,0.9873331074949582,0.9873331074949582,1.0,,0.9947944183291946
Autism,2,Autism__2__seg7,spike,low,0,STRATUS-D,0.1142527107467726,1.144171866348143,1.0,,,1.0,0.9970501474926252,0.9873331074949582,0.9873331074949582,1.0,,0.9947944183291946
Autism,2,Autism__2__seg7,spike,low,0,Hybrid-P,2.8195620988493344,16.160439468408466,1.0,,,0.8688793045244545,0.9056047197640118,0.9873331074949582,0.9873331074949582,1.0,,0.9206057105944748
Autism,2,Autism__2__seg7,spike,low,0,STRATUS-H,2.191667241801962,15.904377205261143,1.0,,,0.9045937702823684,0.9616519174041298,0.9873331074949582,0.9873331074949582,1.0,,0.951192931727152
Autism,2,Autism__2__seg7,mixed,low,0,Pointwise-D,0.2812737016530831,1.363392743363611,0.905940594059406,0.0,1.0,1.0,1.0,0.8964342045522122,0.8964342045522122,1.0,1.0,0.9792868409104424
Autism,2,Autism__2__seg7,mixed,low,0,STRATUS-D,1.9835924950840973,24.74106803940945,0.905940594059406,0.0,1.0,1.0,1.0,0.0,0.0,1.0,1.0,0.8
Autism,2,Autism__2__seg7,mixed,low,0,Hybrid-P,2.502227024741091,11.49795932023803,0.905940594059406,0.0,1.0,0.8727437876114337,0.8896551724137931,0.8964342045522122,0.8964342045522122,1.0,1.0,0.931766632915488
Autism,2,Autism__2__seg7,mixed,low,0,STRATUS-H,1.9995646830426212,11.285370872857632,0.905940594059406,0.0,1.0,0.8971969715216728,0.9482758620689656,0.8964342045522122,0.8964342045522122,1.0,1.0,0.94838140762857
Autism,2,Autism__2__seg7,short_gap,medium,0,Pointwise-D,0.8102870176151448,9.72132608237446,1.0,,1.0,0.9498672626124182,0.997005988023952,,,1.0,,0.9822910835454568
Autism,2,Autism__2__seg7,short_gap,medium,0,STRATUS-D,0.6491888074860944,9.1662051550199,1.0,,1.0,0.9655017735976236,0.997005988023952,,,1.0,,0.987502587207192
Autism,2,Autism__2__seg7,short_gap,medium,0,Hybrid-P,2.112910015777444,10.900647507028092,1.0,,1.0,0.8821444554912005,0.9101796407185628,,,1.0,,0.9307746987365878
Autism,2,Autism__2__seg7,short_gap,medium,0,STRATUS-H,1.9008410320919005,10.875878803607431,1.0,,1.0,0.8949248522243257,0.9461077844311376,,,1.0,,0.9470108788851546
Autism,2,Autism__2__seg7,long_gap,medium,0,Pointwise-D,0.7103907180900412,10.351571333181564,0.8762376237623762,0.0,,0.9514107691272784,0.9932659932659932,,,1.0,1.0,0.9815589207977572
Autism,2,Autism__2__seg7,long_gap,medium,0,STRATUS-D,0.7103907180900412,10.351571333181564,0.8762376237623762,0.0,,0.9514107691272784,0.9932659932659932,,,1.0,1.0,0.9815589207977572
Autism,2,Autism__2__seg7,long_gap,medium,0,Hybrid-P,2.1726368397128155,11.538439466087718,0.8762376237623762,0.0,,0.8800196506081911,0.9090909090909092,,,1.0,1.0,0.9297035198997
Autism,2,Autism__2__seg7,long_gap,medium,0,STRATUS-H,1.9211379489787297,11.50794743150144,0.8762376237623762,0.0,,0.8929643351881817,0.9427609427609428,,,1.0,1.0,0.9452417593163748
Autism,2,Autism__2__seg7,jitter,medium,0,Pointwise-D,0.9456916695932712,10.248578438202156,1.0,,,0.9283771311215512,0.9970326409495548,0.0,0.0,1.0,,0.6418032573570355
Autism,2,Autism__2__seg7,jitter,medium,0,STRATUS-D,0.7263886231253226,9.652969685379386,1.0,,,0.9484382896425938,0.9970326409495548,0.0,0.0,1.0,,0.6484903101973829
Autism,2,Autism__2__seg7,jitter,medium,0,Hybrid-P,2.032485991466632,10.860346762764852,1.0,,,0.8821444554912005,0.9109792284866468,0.0,0.0,1.0,,0.5977078946592824
Autism,2,Autism__2__seg7,jitter,medium,0,STRATUS-H,1.5502474562216966,10.598698332123426,1.0,,,0.9114941282582548,0.9643916913946587,0.0,0.0,1.0,,0.6252952732176379
Autism,2,Autism__2__seg7,spike,medium,0,Pointwise-D,1.9852826123319505,21.13090094788265,1.0,,,1.0,0.9940652818991098,0.6500996095285179,0.6500996095285179,1.0,,0.8813882971425425
Autism,2,Autism__2__seg7,spike,medium,0,STRATUS-D,5.648264533583984,50.88224031083392,1.0,,,1.0,0.9940652818991098,0.0,0.0,1.0,,0.6646884272997032
Autism,2,Autism__2__seg7,spike,medium,0,Hybrid-P,3.1429745738884223,16.457684499866833,1.0,,,0.8373799712819474,0.913946587537092,0.9547433362513648,0.9547433362513648,1.0,,0.9020232983568014
Autism,2,Autism__2__seg7,spike,medium,0,STRATUS-H,2.387122230967462,16.122701370516744,1.0,,,0.8839032013119428,0.9703264094955488,0.9547433362513648,0.9547433362513648,1.0,,0.9363243156862856
Autism,2,Autism__2__seg7,mixed,medium,0,Pointwise-D,2.975755183411952,28.130857731163623,0.8391089108910891,0.0,1.0,1.0,0.996078431372549,0.888413211120123,0.888413211120123,1.0,1.0,0.9768983284985344
Autism,2,Autism__2__seg7,mixed,medium,0,STRATUS-D,7.510971494922034,65.74792928653775,0.8391089108910891,0.0,1.0,1.0,0.996078431372549,0.7030097541780491,0.7030097541780491,1.0,1.0,0.9398176371101196
Autism,2,Autism__2__seg7,mixed,medium,0,Hybrid-P,3.293382526042983,12.863375378302724,0.8391089108910891,0.0,1.0,0.8307379000729114,0.9098039215686274,0.9754361648487508,0.9754361648487508,1.0,1.0,0.9431955972980578
Autism,2,Autism__2__seg7,mixed,medium,0,STRATUS-H,2.890522641744375,12.188617407583529,0.8391089108910891,0.0,1.0,0.878242550281368,0.9215686274509804,0.975567265233745,0.975567265233745,1.0,1.0,0.9550756885932188
Autism,2,Autism__2__seg7,short_gap,high,0,Pointwise-D,1.1531627950780432,10.109478523457405,1.0,,1.0,0.9498672626124182,0.996969696969697,,,1.0,,0.9822789865273718
Autism,2,Autism__2__seg7,short_gap,high,0,STRATUS-D,0.992064584948993,9.576883217430703,1.0,,1.0,0.9655017735976236,0.996969696969697,,,1.0,,0.9874904901891068
Autism,2,Autism__2__seg7,short_gap,high,0,Hybrid-P,2.5192473438136136,11.286797870711206,1.0,,1.0,0.8802858004661004,0.906060606060606,,,1.0,,0.9287821355089022
Autism,2,Autism__2__seg7,short_gap,high,0,STRATUS-H,2.225144929025093,11.217966366931238,1.0,,1.0,0.8949248522243257,0.9484848484848484,,,1.0,,0.9478032335697248
Autism,2,Autism__2__seg7,long_gap,high,0,Pointwise-D,1.686081497491109,18.42481124215335,0.8193069306930693,0.0,,0.9551218848568828,0.9963503649635036,,,1.0,1.0,0.983824083273462
Autism,2,Autism__2__seg7,long_gap,high,0,STRATUS-D,1.686081497491109,18.42481124215335,0.8193069306930693,0.0,,0.9551218848568828,0.9963503649635036,,,1.0,1.0,0.983824083273462
Autism,2,Autism__2__seg7,long_gap,high,0,Hybrid-P,4.679799279386884,23.87567645383893,0.8193069306930693,0.0,,0.8232419238635545,0.9051094890510948,,,1.0,1.0,0.9094504709715496
Autism,2,Autism__2__seg7,long_gap,high,0,STRATUS-H,3.48870479825722,23.30361514686644,0.8193069306930693,0.0,,0.8907883025549761,0.9817518248175182,,,1.0,1.0,0.9575133757908314
Autism,2,Autism__2__seg7,jitter,high,0,Pointwise-D,1.0194522827794472,10.298807984652134,1.0,,,0.9283771311215512,0.9970238095238096,0.0,0.0,1.0,,0.6418003135484537
Autism,2,Autism__2__seg7,jitter,high,0,STRATUS-D,0.8001492363114986,9.706281968272188,1.0,,,0.9484382896425938,0.9970238095238096,0.0,0.0,1.0,,0.6484873663888011
Autism,2,Autism__2__seg7,jitter,high,0,Hybrid-P,2.03084594440572,10.840364482446848,1.0,,,0.8821444554912005,0.9107142857142856,0.3255377221018904,0.3255377221018904,1.0,,0.7061321544357922
Autism,2,Autism__2__seg7,jitter,high,0,STRATUS-H,1.6054361888781663,10.64073055191977,1.0,,,0.9114941282582548,0.9672619047619048,0.0,0.0,1.0,,0.6262520110067199
Autism,2,Autism__2__seg7,spike,high,0,Pointwise-D,2.281420609592617,32.61454065743799,1.0,,,1.0,0.994011976047904,0.8836282397958724,0.8836282397958724,1.0,,0.9592134052812588
Autism,2,Autism__2__seg7,spike,high,0,STRATUS-D,3.8305287896138576,45.19225430456435,1.0,,,1.0,0.994011976047904,0.8041883628824753,0.8041883628824753,1.0,,0.9327334463101264
Autism,2,Autism__2__seg7,spike,high,0,Hybrid-P,2.569134790565667,12.168220772049082,1.0,,,0.8531872118930478,0.907185628742515,0.9897486986998996,0.9897486986998996,1.0,,0.9167071797784874
Autism,2,Autism__2__seg7,spike,high,0,STRATUS-H,1.7539355663938998,11.368008432211823,1.0,,,0.9159253826769514,0.9730538922155688,0.9897486986998996,0.9897486986998996,1.0,,0.9595759911974732
Autism,2,Autism__2__seg7,mixed,high,0,Pointwise-D,3.87534379138133,27.169270015044702,0.7896039603960396,0.0,1.0,1.0,0.9956896551724138,0.932075094337086,0.932075094337086,1.0,1.0,0.9855529499019
Autism,2,Autism__2__seg7,mixed,high,0,STRATUS-D,3.813338179043993,27.14279367391636,0.7896039603960396,0.0,1.0,1.0,0.9956896551724138,0.9334022200980908,0.9334022200980908,1.0,1.0,0.985818375054101
Autism,2,Autism__2__seg7,mixed,high,0,Hybrid-P,4.246825712513517,13.83741909424901,0.7896039603960396,0.0,1.0,0.850661894899182,0.9267241379310344,0.9671650527448334,0.9671650527448334,1.0,1.0,0.94891021711501
Autism,2,Autism__2__seg7,mixed,high,0,STRATUS-H,3.5161014316530594,13.138686561813309,0.7896039603960396,0.0,1.0,0.909364897768626,0.9655172413793104,0.9671650527448334,0.9671650527448334,1.0,1.0,0.968409438378554
Autism,2,Autism__2__seg7,short_gap,low,1,Pointwise-D,1.3034516364802171,10.69142277851478,1.0,,1.0,0.9490506691956972,0.997005988023952,,,1.0,,0.9820188857398832
Autism,2,Autism__2__seg7,short_gap,low,1,STRATUS-D,1.1423534263511668,10.189291298859017,1.0,,1.0,0.9649398448852344,0.997005988023952,,,1.0,,0.9873152776363956
Autism,2,Autism__2__seg7,short_gap,low,1,Hybrid-P,2.622989036773273,11.778855204559749,1.0,,1.0,0.8802247505880765,0.907185628742515,,,1.0,,0.9291367931101971
Autism,2,Autism__2__seg7,short_gap,low,1,STRATUS-H,2.3940056509569727,11.751045910039164,1.0,,1.0,0.8932133224255184,0.9461077844311376,,,1.0,,0.9464403689522188
Autism,2,Autism__2__seg7,long_gap,low,1,Pointwise-D,0.678577065450171,10.12696597866148,0.900990099009901,0.0,,0.9481861259395258,0.996742671009772,,,1.0,1.0,0.9816429323164324
Autism,2,Autism__2__seg7,long_gap,low,1,STRATUS-D,0.4997757553069393,9.53511369810105,0.900990099009901,0.0,,0.9643449200808004,0.996742671009772,,,1.0,1.0,0.9870291970301908
Autism,2,Autism__2__seg7,long_gap,low,1,Hybrid-P,2.042401497078884,11.313993158316627,0.900990099009901,0.0,,0.8816351535160946,0.9153094462540716,,,1.0,1.0,0.9323148665900556
Autism,2,Autism__2__seg7,long_gap,low,1,STRATUS-H,1.8889721804188777,11.355582200848774,0.900990099009901,0.0,,0.8914012926993468,0.9413680781758956,,,1.0,1.0,0.944256456958414
Autism,2,Autism__2__seg7,jitter,low,1,Pointwise-D,1.0653731329921616,10.356038378591183,1.0,,,0.9272104929872584,0.996996996996997,0.0,0.0,1.0,,0.6414024966614185
Autism,2,Autism__2__seg7,jitter,low,1,STRATUS-D,0.8460700865242128,9.766984930966403,1.0,,,0.9475984202194018,0.996996996996997,0.0,0.0,1.0,,0.6481984724054662
Autism,2,Autism__2__seg7,jitter,low,1,Hybrid-P,2.091656634631615,10.898375545397494,1.0,,,0.8843914511978148,0.9129129129129128,0.0049424622257097,0.0049424622257097,1.0,,0.6007489421121458
Autism,2,Autism__2__seg7,jitter,low,1,STRATUS-H,1.940098471179978,10.937180915603804,1.0,,,0.8932133224255184,0.945945945945946,0.0,0.0,1.0,,0.6130530894571548
Autism,2,Autism__2__seg7,spike,low,1,Pointwise-D,0.8161495149008237,11.126903179753729,1.0,,,0.9655017735976236,0.9970588235294118,0.7237704455816025,0.7237704455816025,1.0,,0.8954436809028792
Autism,2,Autism__2__seg7,spike,low,1,STRATUS-D,1.7747584809617198,18.3998514471596,1.0,,,0.9655017735976236,0.9970588235294118,0.0,0.0,1.0,,0.6541868657090117
Autism,2,Autism__2__seg7,spike,low,1,Hybrid-P,2.1083959316304,10.96984238711268,1.0,,,0.8710081684372114,0.9058823529411764,0.9507050169660198,0.9507050169660198,1.0,,0.9091985127814692
Autism,2,Autism__2__seg7,spike,low,1,STRATUS-H,2.078289073110151,13.253189247302068,1.0,,,0.8969693710601555,0.9529411764705882,0.6864342364228964,0.6864342364228964,1.0,,0.8454482613178801
Autism,2,Autism__2__seg7,mixed,low,1,Pointwise-D,1.8402067116564769,12.74523598147215,0.9108910891089108,0.0,1.0,0.953161353153335,0.9966887417218544,0.7471249928277792,0.7471249928277792,1.0,1.0,0.9393950175405936
Autism,2,Autism__2__seg7,mixed,low,1,STRATUS-D,2.403297718231897,16.813575618046887,0.9108910891089108,0.0,1.0,0.953161353153335,0.9966887417218544,0.5041778477793023,0.5041778477793023,1.0,1.0,0.8908055885308983
Autism,2,Autism__2__seg7,mixed,low,1,Hybrid-P,2.5649259075321025,11.989377251044814,0.9108910891089108,0.0,1.0,0.8786481641320961,0.913907284768212,0.8967789616033808,0.8967789616033808,1.0,1.0,0.9378668821007377
Autism,2,Autism__2__seg7,mixed,low,1,STRATUS-H,1.9858283488902728,11.413594355196086,0.9108910891089108,0.0,1.0,0.9326007348014824,0.9801324503311258,0.8788806274090966,0.8788806274090966,1.0,1.0,0.958322762508341
Autism,2,Autism__2__seg7,short_gap,medium,1,Pointwise-D,1.9130869660780083,11.786652788403384,1.0,,1.0,0.9487940981030912,0.9969512195121952,,,1.0,,0.9819151058717622
Autism,2,Autism__2__seg7,short_gap,medium,1,STRATUS-D,1.7519887559489578,11.333151375431138,1.0,,1.0,0.9647632886446966,0.9969512195121952,,,1.0,,0.9872381693856306
Autism,2,Autism__2__seg7,short_gap,medium,1,Hybrid-P,3.187223455940153,12.730948197502656,1.0,,1.0,0.8838092686409004,0.9054878048780488,,,1.0,,0.9297656911729832
Autism,2,Autism__2__seg7,short_gap,medium,1,STRATUS-H,3.003640980554764,12.755616131935014,1.0,,1.0,0.8926755651260899,0.945121951219512,,,1.0,,0.945932505448534
Autism,2,Autism__2__seg7,long_gap,medium,1,Pointwise-D,0.7351251542376853,10.540480377764936,0.8316831683168316,0.0,,0.9386615836556548,0.9965277777777778,,,1.0,1.0,0.9783964538111444
Autism,2,Autism__2__seg7,long_gap,medium,1,STRATUS-D,0.5414237349158509,9.924460993190367,0.8316831683168316,0.0,,0.9577907234976836,0.9965277777777778,,,1.0,1.0,0.9847728337584872
Autism,2,Autism__2__seg7,long_gap,medium,1,Hybrid-P,1.9738719353381435,11.604208569429774,0.8316831683168316,0.0,,0.8787795633395773,0.9201388888888888,,,1.0,1.0,0.9329728174094888
Autism,2,Autism__2__seg7,long_gap,medium,1,STRATUS-H,2.0463865287871177,11.819264685824846,0.8316831683168316,0.0,,0.8714384352907003,0.9375,,,1.0,1.0,0.9363128117635668
Autism,2,Autism__2__seg7,jitter,medium,1,Pointwise-D,1.6448652549269454,11.25102383517681,1.0,,,0.926843938941314,0.9969418960244648,0.0,0.0,1.0,,0.6412619449885929
Autism,2,Autism__2__seg7,jitter,medium,1,STRATUS-D,1.4255622084589965,10.711302492348349,1.0,,,0.947334535878502,0.9969418960244648,0.0,0.0,1.0,,0.6480921439676557
Autism,2,Autism__2__seg7,jitter,medium,1,Hybrid-P,2.4933242521808894,11.35544445214016,1.0,,,0.8819383004156814,0.9143730886850152,0.2226591536638686,0.2226591536638686,1.0,,0.6729901809215217
Autism,2,Autism__2__seg7,jitter,medium,1,STRATUS-H,1.8404578721484504,10.83035736857298,1.0,,,0.9141209371239648,0.9694189602446484,0.3351265777779905,0.3351265777779905,1.0,,0.7395554917155346
Autism,2,Autism__2__seg7,spike,medium,1,Pointwise-D,1.6777339950227876,20.62510843904947,1.0,,,1.0,1.0,0.78583758256613,0.78583758256613,1.0,,0.9286125275220432
Autism,2,Autism__2__seg7,spike,medium,1,STRATUS-D,6.550892293747548,65.26596571314298,1.0,,,1.0,1.0,0.1637798756299093,0.1637798756299093,1.0,,0.7212599585433032
Autism,2,Autism__2__seg7,spike,medium,1,Hybrid-P,2.4914251646020302,13.407084420635888,1.0,,,0.8651692904689848,0.9136904761904762,0.98430623483136,0.98430623483136,1.0,,0.9210553338302736
Autism,2,Autism__2__seg7,spike,medium,1,STRATUS-H,2.370461919923444,14.501501316888676,1.0,,,0.8887584514741914,0.9553571428571428,0.9509971421993466,0.9509971421993466,1.0,,0.931704245510227
Autism,2,Autism__2__seg7,mixed,medium,1,Pointwise-D,35.67074598689059,158.7154018390715,0.8465346534653465,0.0,1.0,0.9924856887335878,0.9961832061068704,0.6486961566744603,0.6486961566744603,0.9736842105263158,1.0,0.9274730103029836
Autism,2,Autism__2__seg7,mixed,medium,1,STRATUS-D,34.83501239015554,157.9406712905946,0.8465346534653465,0.0,1.0,0.9924856887335878,0.9961832061068704,0.6985655656371297,0.6985655656371297,0.9736842105263158,1.0,0.9374468920955176
Autism,2,Autism__2__seg7,mixed,medium,1,Hybrid-P,33.91982127026228,155.06507739833972,0.8465346534653465,0.0,1.0,0.9261916622998112,0.8854961832061069,0.8509867112314683,0.8509867112314683,0.9736842105263158,1.0,0.9325349113474772
Autism,2,Autism__2__seg7,mixed,medium,1,STRATUS-H,32.57935004691689,154.8662511541106,0.8465346534653465,0.0,1.0,0.9768682514429592,0.9770992366412212,0.8576416818342995,0.8576416818342995,0.9736842105263158,1.0,0.962321833983696
Autism,2,Autism__2__seg7,short_gap,high,1,Pointwise-D,2.5665070028296477,13.343719878304904,1.0,,1.0,0.9487940981030912,0.9969040247678018,,,1.0,,0.9818993742902976
Autism,2,Autism__2__seg7,short_gap,high,1,STRATUS-D,2.4054087927005967,12.944883017421548,1.0,,1.0,0.9647632886446966,0.9969040247678018,,,1.0,,0.9872224378041662
Autism,2,Autism__2__seg7,short_gap,high,1,Hybrid-P,3.845399630256165,14.19862782905564,1.0,,1.0,0.8838092686409004,0.9071207430340558,,,1.0,,0.9303100038916522
Autism,2,Autism__2__seg7,short_gap,high,1,STRATUS-H,3.657061017306402,14.206879289329269,1.0,,1.0,0.8926755651260899,0.9442724458204336,,,1.0,,0.9456493369821743
Autism,2,Autism__2__seg7,long_gap,high,1,Pointwise-D,0.853365317680685,10.93183984296801,0.7846534653465347,0.0,,0.924181206650789,0.9963235294117648,,,1.0,1.0,0.9735015786875176
Autism,2,Autism__2__seg7,long_gap,high,1,STRATUS-D,0.5738749997846243,10.217553884113526,0.7846534653465347,0.0,,0.952059322109525,0.9963235294117648,,,1.0,1.0,0.98279428384043
Autism,2,Autism__2__seg7,long_gap,high,1,Hybrid-P,1.992387258272136,11.880624466423331,0.7846534653465347,0.0,,0.8649024955836357,0.9191176470588236,,,1.0,1.0,0.928006714214153
Autism,2,Autism__2__seg7,long_gap,high,1,STRATUS-H,1.4783481015785014,11.609489852405542,0.7846534653465347,0.0,,0.9004811821040223,0.9669117647058824,,,1.0,1.0,0.9557976489366348
Autism,2,Autism__2__seg7,jitter,high,1,Pointwise-D,1.9315087259217507,11.417673094561524,1.0,,,0.9442726917075084,0.9968652037617556,0.1132203208092608,0.1132203208092608,1.0,,0.6847860720928415
Autism,2,Autism__2__seg7,jitter,high,1,STRATUS-D,1.8733214119543564,11.447399074992603,1.0,,,0.9647632886446966,0.9968652037617556,0.0,0.0,1.0,,0.6538761641354841
Autism,2,Autism__2__seg7,jitter,high,1,Hybrid-P,2.698130005254473,11.353272805499785,1.0,,,0.8816114962380228,0.915360501567398,0.4338698974688226,0.4338698974688226,1.0,,0.7436139650914146
Autism,2,Autism__2__seg7,jitter,high,1,STRATUS-H,1.4851064168110537,10.060521256187943,1.0,,,0.9538169430251,0.9843260188087776,0.4901418285869722,0.4901418285869722,1.0,,0.8094282634736166
Autism,2,Autism__2__seg7,spike,high,1,Pointwise-D,3.034809103386153,31.03777159003148,1.0,,,1.0,0.997005988023952,0.8362651532613481,0.8362651532613481,1.0,,0.9444237137617668
Autism,2,Autism__2__seg7,spike,high,1,STRATUS-D,5.053660485537337,42.90715883681912,1.0,,,1.0,0.997005988023952,0.7268940323882085,0.7268940323882085,1.0,,0.90796667347072
Autism,2,Autism__2__seg7,spike,high,1,Hybrid-P,2.253855170868577,11.054171393354707,1.0,,,0.8716772535253107,0.9131736526946108,0.9888473281340504,0.9888473281340504,1.0,,0.9245660781179906
Autism,2,Autism__2__seg7,spike,high,1,STRATUS-H,1.877019296417799,10.883080020509716,1.0,,,0.8955367614248837,0.9491017964071856,0.9888473281340504,0.9888473281340504,1.0,,0.94449529532204
Autism,2,Autism__2__seg7,mixed,high,1,Pointwise-D,8.517073207739944,40.891250857853954,0.7970297029702971,0.0,1.0,1.0,1.0,0.7526351857056269,0.7526351857056269,1.0,1.0,0.9505270371411252
Autism,2,Autism__2__seg7,mixed,high,1,STRATUS-D,9.903790510241514,48.17830099777628,0.7970297029702971,0.0,1.0,1.0,1.0,0.6960683876451238,0.6960683876451238,1.0,1.0,0.9392136775290248
Autism,2,Autism__2__seg7,mixed,high,1,Hybrid-P,5.810399804964537,16.76852510645732,0.7970297029702971,0.0,1.0,0.8412217961678916,0.9082969432314412,0.948429513193295,0.948429513193295,1.0,1.0,0.9395896505185256
Autism,2,Autism__2__seg7,mixed,high,1,STRATUS-H,4.682188904752061,15.628406035333697,0.7970297029702971,0.0,1.0,0.9232923786720054,0.960698689956332,0.9566733808954117,0.9566733808954117,1.0,1.0,0.9681328899047495
Autism,37,Autism__37__seg18,short_gap,low,0,Pointwise-D,0.5459493602985426,7.177505858581935,1.0,,1.0,0.9518854573792476,0.9940828402366864,,,1.0,,0.9819894325386448
Autism,37,Autism__37__seg18,short_gap,low,0,STRATUS-D,0.5459493602985426,7.177505858581935,1.0,,1.0,0.9518854573792476,0.9940828402366864,,,1.0,,0.9819894325386448
Autism,37,Autism__37__seg18,short_gap,low,0,Hybrid-P,1.7794038723486287,8.718441180227018,1.0,,1.0,0.8828589764854498,0.9201183431952664,,,1.0,,0.9343257732269054
Autism,37,Autism__37__seg18,short_gap,low,0,STRATUS-H,0.6786374500089503,6.364814489567757,1.0,,1.0,0.9490534552714612,0.985207100591716,,,1.0,,0.9780868519543924
Autism,37,Autism__37__seg18,long_gap,low,0,Pointwise-D,0.5329140862961161,7.431957377477797,0.9282178217821784,0.0,,0.94953919609256,0.9936708860759492,,,1.0,1.0,0.9810700273895032
Autism,37,Autism__37__seg18,long_gap,low,0,STRATUS-D,0.5329140862961161,7.431957377477797,0.9282178217821784,0.0,,0.94953919609256,0.9936708860759492,,,1.0,1.0,0.9810700273895032
Autism,37,Autism__37__seg18,long_gap,low,0,Hybrid-P,1.8272154761231787,8.98206151936551,0.9282178217821784,0.0,,0.8794310636002524,0.9177215189873418,,,1.0,1.0,0.9323841941958648
Autism,37,Autism__37__seg18,long_gap,low,0,STRATUS-H,0.675863388277462,6.586133467610568,0.9282178217821784,0.0,,0.9465690940144238,0.9841772151898734,,,1.0,1.0,0.9769154364014324
Autism,37,Autism__37__seg18,jitter,low,0,Pointwise-D,0.6413393469460856,7.186490810974421,1.0,,,0.9422763226024744,0.9970326409495548,0.0,0.0,1.0,,0.6464363211840097
Autism,37,Autism__37__seg18,jitter,low,0,STRATUS-D,0.3647659989920813,5.96661777968212,1.0,,,0.9713228605249868,0.9970326409495548,0.0,0.0,1.0,,0.6561185004915139
Autism,37,Autism__37__seg18,jitter,low,0,Hybrid-P,1.6293664089736375,7.777342800914328,1.0,,,0.902296379631189,0.9198813056379822,0.0,0.0,1.0,,0.6073925617563903
Autism,37,Autism__37__seg18,jitter,low,0,STRATUS-H,0.6970377220413075,6.378682156286591,1.0,,,0.9490534552714612,0.9851632047477744,0.0,0.0,1.0,,0.6447388866730787
Autism,37,Autism__37__seg18,spike,low,0,Pointwise-D,0.69660942217566,9.456652750307638,1.0,,,1.0,0.9970588235294118,0.8800523944799438,0.8800523944799438,1.0,,0.9590370726697852
Autism,37,Autism__37__seg18,spike,low,0,STRATUS-D,0.69660942217566,9.456652750307638,1.0,,,1.0,0.9970588235294118,0.8800523944799438,0.8800523944799438,1.0,,0.9590370726697852
Autism,37,Autism__37__seg18,spike,low,0,Hybrid-P,2.3149800901956312,12.446419556775096,1.0,,,0.8954351208359125,0.923529411764706,0.8800523944799438,0.8800523944799438,1.0,,0.8996723090268541
Autism,37,Autism__37__seg18,spike,low,0,STRATUS-H,1.473504255518577,11.702493991936851,1.0,,,0.9384459761259092,0.9823529411764704,0.8800523944799438,0.8800523944799438,1.0,,0.9336171039274412
Autism,37,Autism__37__seg18,mixed,low,0,Pointwise-D,2.085622611153213,25.65749410102513,0.905940594059406,0.0,1.0,0.9343156830736667,1.0,0.2906632789766803,0.2906632789766803,1.0,1.0,0.8449957924100694
Autism,37,Autism__37__seg18,mixed,low,0,STRATUS-D,1.9556032074619536,24.73550072443183,0.905940594059406,0.0,1.0,1.0,1.0,0.0,0.0,1.0,1.0,0.8
Autism,37,Autism__37__seg18,mixed,low,0,Hybrid-P,3.8576203201093127,22.634782461627815,0.905940594059406,0.0,1.0,0.7973692147145336,0.931740614334471,0.5074443008557186,0.5074443008557186,1.0,1.0,0.8473108259809446
Autism,37,Autism__37__seg18,mixed,low,0,STRATUS-H,3.254450002094309,22.043411981882468,0.905940594059406,0.0,1.0,0.8207855701775968,0.969283276450512,0.5188998751262275,0.5188998751262275,1.0,1.0,0.8617937443508673
Autism,37,Autism__37__seg18,short_gap,medium,0,Pointwise-D,0.5726437132479999,7.191125290085029,1.0,,1.0,0.9518854573792476,0.994011976047904,,,1.0,,0.981965811142384
Autism,37,Autism__37__seg18,short_gap,medium,0,STRATUS-D,0.5726437132479999,7.191125290085029,1.0,,1.0,0.9518854573792476,0.994011976047904,,,1.0,,0.981965811142384
Autism,37,Autism__37__seg18,short_gap,medium,0,Hybrid-P,1.8410781597490984,8.75792452066906,1.0,,1.0,0.8794537539670406,0.9161676646706588,,,1.0,,0.9318738062125664
Autism,37,Autism__37__seg18,short_gap,medium,0,STRATUS-H,0.7053318029584076,6.3801689691052985,1.0,,1.0,0.9490534552714612,0.9850299401197604,,,1.0,,0.9780277984637404
Autism,37,Autism__37__seg18,long_gap,medium,0,Pointwise-D,0.7876437559459503,10.588365850460216,0.8762376237623762,0.0,,0.9300911850034276,0.9932432432432432,,,1.0,1.0,0.9744448094155568
Autism,37,Autism__37__seg18,long_gap,medium,0,STRATUS-D,0.7876437559459503,10.588365850460216,0.8762376237623762,0.0,,0.9300911850034276,0.9932432432432432,,,1.0,1.0,0.9744448094155568
Autism,37,Autism__37__seg18,long_gap,medium,0,Hybrid-P,2.3714898966100697,12.66019188242263,0.8762376237623762,0.0,,0.8596053842512431,0.9222972972972971,,,1.0,1.0,0.9273008938495134
Autism,37,Autism__37__seg18,long_gap,medium,0,STRATUS-H,0.9128531338581056,7.106492901667799,0.8762376237623762,0.0,,0.9361959914436324,0.9763513513513512,,,1.0,1.0,0.9708491142649944
Autism,37,Autism__37__seg18,jitter,medium,0,Pointwise-D,0.690121842912541,7.2420488904252,1.0,,,0.9422763226024744,0.9970326409495548,0.0,0.0,1.0,,0.6464363211840097
Autism,37,Autism__37__seg18,jitter,medium,0,STRATUS-D,0.4135484949585365,6.033419402288214,1.0,,,0.9713228605249868,0.9970326409495548,0.0,0.0,1.0,,0.6561185004915139
Autism,37,Autism__37__seg18,jitter,medium,0,Hybrid-P,1.6348603492953822,7.785335580674341,1.0,,,0.902296379631189,0.9198813056379822,0.3653912951763092,0.3653912951763092,1.0,,0.7291896601484934
Autism,37,Autism__37__seg18,jitter,medium,0,STRATUS-H,0.7458202180077628,6.44121168771979,1.0,,,0.9490534552714612,0.9851632047477744,0.0,0.0,1.0,,0.6447388866730787
Autism,37,Autism__37__seg18,spike,medium,0,Pointwise-D,2.456185483830242,24.321228713117836,1.0,,,0.999997976022848,1.0,0.6745566363785342,0.6745566363785342,1.0,,0.8915182041337942
Autism,37,Autism__37__seg18,spike,medium,0,STRATUS-D,6.256970360023532,52.39747256587885,1.0,,,0.999997976022848,1.0,0.0,0.0,1.0,,0.666665992007616
Autism,37,Autism__37__seg18,spike,medium,0,Hybrid-P,2.35177039032666,14.97102523059266,1.0,,,0.89793773648935,0.9201183431952664,0.9613424757923884,0.9613424757923884,1.0,,0.9264661851590016
Autism,37,Autism__37__seg18,spike,medium,0,STRATUS-H,1.6252735854149003,14.430380089998469,1.0,,,0.9432181475108974,0.9763313609467456,0.9613424757923884,0.9613424757923884,1.0,,0.9602973280833438
Autism,37,Autism__37__seg18,mixed,medium,0,Pointwise-D,1.6766513923067097,17.617005371466615,0.8391089108910891,0.0,1.0,1.0,0.9961538461538462,0.9359861770978172,0.9359861770978172,1.0,1.0,0.9864280046503326
Autism,37,Autism__37__seg18,mixed,medium,0,STRATUS-D,3.8959530894590975,44.5716000777995,0.8391089108910891,0.0,1.0,1.0,0.9961538461538462,0.8452592572803014,0.8452592572803014,1.0,1.0,0.9682826206868296
Autism,37,Autism__37__seg18,mixed,medium,0,Hybrid-P,2.274258136005125,9.571555516750768,0.8391089108910891,0.0,1.0,0.8658979322452148,0.9346153846153846,0.9750099926788716,0.9750099926788716,1.0,1.0,0.9551046619078942
Autism,37,Autism__37__seg18,mixed,medium,0,STRATUS-H,1.1910947348240304,7.249189605235881,0.8391089108910891,0.0,1.0,0.9518456070728556,0.9923076923076924,0.975033858633884,0.975033858633884,1.0,1.0,0.9838374316028864
Autism,37,Autism__37__seg18,short_gap,high,0,Pointwise-D,1.6952472546466018,11.056577164103471,1.0,,1.0,0.9397950199562398,0.9969788519637462,,,1.0,,0.9789246239733288
Autism,37,Autism__37__seg18,short_gap,high,0,STRATUS-D,1.6952472546466018,11.056577164103471,1.0,,1.0,0.9397950199562398,0.9969788519637462,,,1.0,,0.9789246239733288
Autism,37,Autism__37__seg18,short_gap,high,0,Hybrid-P,3.065959900707252,12.707119090864012,1.0,,1.0,0.8556280775398944,0.9214501510574018,,,1.0,,0.9256927428657654
Autism,37,Autism__37__seg18,short_gap,high,0,STRATUS-H,2.027518977695828,11.284279193102437,1.0,,1.0,0.9171799609976692,0.9848942598187312,,,1.0,,0.9673580736054668
Autism,37,Autism__37__seg18,long_gap,high,0,Pointwise-D,0.9573026849486964,12.68717652228951,0.8193069306930693,0.0,,0.9380060562715176,0.9927272727272728,,,1.0,1.0,0.9769111096662634
Autism,37,Autism__37__seg18,long_gap,high,0,STRATUS-D,0.9573026849486964,12.68717652228951,0.8193069306930693,0.0,,0.9380060562715176,0.9927272727272728,,,1.0,1.0,0.9769111096662634
Autism,37,Autism__37__seg18,long_gap,high,0,Hybrid-P,2.312111731327668,13.734834018629885,0.8193069306930693,0.0,,0.8695777786372243,0.92,,,1.0,1.0,0.9298592595457414
Autism,37,Autism__37__seg18,long_gap,high,0,STRATUS-H,1.811088445908601,13.342757001194997,0.8193069306930693,0.0,,0.8669106981692523,0.9672727272727272,,,1.0,1.0,0.94472780848066
Autism,37,Autism__37__seg18,jitter,high,0,Pointwise-D,0.7638824560987156,7.312958227151395,1.0,,,0.9422763226024744,0.9970238095238096,0.0,0.0,1.0,,0.6464333773754279
Autism,37,Autism__37__seg18,jitter,high,0,STRATUS-D,0.4873091081447113,6.118352358655086,1.0,,,0.9713228605249868,0.9970238095238096,0.0,0.0,1.0,,0.6561155566829321
Autism,37,Autism__37__seg18,jitter,high,0,Hybrid-P,1.639149636354592,7.784392234500414,1.0,,,0.8988911571127798,0.9196428571428572,0.6065258764885311,0.6065258764885311,1.0,,0.8083532969147226
Autism,37,Autism__37__seg18,jitter,high,0,STRATUS-H,0.7029869129027194,6.379252449200032,1.0,,,0.9490534552714612,0.9851190476190476,0.6065258764885311,0.6065258764885311,1.0,,0.8468994597930134
Autism,37,Autism__37__seg18,spike,high,0,Pointwise-D,0.7467940132140064,8.864871270377066,1.0,,,0.9955536988421558,1.0,0.9617036271226912,0.9617036271226912,1.0,,0.9857524419882824
Autism,37,Autism__37__seg18,spike,high,0,STRATUS-D,1.4645831832585925,17.049672076015455,1.0,,,0.9955536988421558,1.0,0.9248946527376168,0.9248946527376168,1.0,,0.9734827838599244
Autism,37,Autism__37__seg18,spike,high,0,Hybrid-P,2.934176853151638,16.6498264696861,1.0,,,0.8636736662329608,0.9253731343283582,0.9617036271226912,0.9617036271226912,1.0,,0.9169168092280032
Autism,37,Autism__37__seg18,spike,high,0,STRATUS-H,2.4194828697378417,16.23739360424876,1.0,,,0.8776342016403847,0.964179104477612,0.9617036271226912,0.9617036271226912,1.0,,0.9345056444135628
Autism,37,Autism__37__seg18,mixed,high,0,Pointwise-D,4.445354044763637,27.931934830975816,0.7896039603960396,0.0,1.0,0.9991537841373768,1.0,0.9342500694738428,0.9342500694738428,1.0,1.0,0.986680770722244
Autism,37,Autism__37__seg18,mixed,high,0,STRATUS-D,4.445354044763637,27.931934830975816,0.7896039603960396,0.0,1.0,0.9991537841373768,1.0,0.9342500694738428,0.9342500694738428,1.0,1.0,0.986680770722244
Autism,37,Autism__37__seg18,mixed,high,0,Hybrid-P,4.937326224339778,15.172357143896798,0.7896039603960396,0.0,1.0,0.8111600027534698,0.9234042553191488,0.9711207873458796,0.9711207873458796,1.0,1.0,0.9411370090836996
Autism,37,Autism__37__seg18,mixed,high,0,STRATUS-H,3.82834067320568,13.642250739404188,0.7896039603960396,0.0,1.0,0.8904166312175747,0.9787234042553192,0.9719676500198936,0.9719676500198936,1.0,1.0,0.9682215370985574
Autism,37,Autism__37__seg18,short_gap,low,1,Pointwise-D,0.7420966219517215,7.621748395657038,1.0,,1.0,0.9493444771663972,0.993993993993994,,,1.0,,0.9811128237201304
Autism,37,Autism__37__seg18,short_gap,low,1,STRATUS-D,0.7420966219517215,7.621748395657038,1.0,,1.0,0.9493444771663972,0.993993993993994,,,1.0,,0.9811128237201304
Autism,37,Autism__37__seg18,short_gap,low,1,Hybrid-P,2.222060681288597,10.00083488056358,1.0,,1.0,0.8700576651839909,0.927927927927928,,,1.0,,0.9326618643706396
Autism,37,Autism__37__seg18,short_gap,low,1,STRATUS-H,1.235422214552175,7.888328992948315,1.0,,1.0,0.9332097558675256,0.978978978978979,,,1.0,,0.9707295782821682
Autism,37,Autism__37__seg18,long_gap,low,1,Pointwise-D,0.7711315318929061,10.520432346546851,0.900990099009901,0.0,,0.9206295037521351,0.9935691318327974,,,1.0,1.0,0.9713995451949776
Autism,37,Autism__37__seg18,long_gap,low,1,STRATUS-D,0.7711315318929061,10.520432346546851,0.900990099009901,0.0,,0.9206295037521351,0.9935691318327974,,,1.0,1.0,0.9713995451949776
Autism,37,Autism__37__seg18,long_gap,low,1,Hybrid-P,2.244566441219048,12.876173495983757,0.900990099009901,0.0,,0.8595562698363294,0.9292604501607716,,,1.0,1.0,0.9296055733323668
Autism,37,Autism__37__seg18,long_gap,low,1,STRATUS-H,1.3161786382414056,12.043360322364617,0.900990099009901,0.0,,0.9144307497872806,0.9871382636655948,,,1.0,1.0,0.9671896711509586
Autism,37,Autism__37__seg18,jitter,low,1,Pointwise-D,0.809803306311432,7.393337745983223,1.0,,,0.9422763226024744,0.9969879518072288,0.0,0.0,1.0,,0.6464214248032344
Autism,37,Autism__37__seg18,jitter,low,1,STRATUS-D,0.5332299583574277,6.214203133047653,1.0,,,0.9713228605249868,0.9969879518072288,0.0,0.0,1.0,,0.6561036041107385
Autism,37,Autism__37__seg18,jitter,low,1,Hybrid-P,1.6670805464334912,7.790576364833608,1.0,,,0.9044745254281068,0.933734939759036,0.0095640476511777,0.0095640476511777,1.0,,0.6159245042794402
Autism,37,Autism__37__seg18,jitter,low,1,STRATUS-H,1.0611362617272653,6.768714253152841,1.0,,,0.941845955953644,0.9728915662650602,-0.0456769261866263,0.0,1.0,,0.6382458407395681
Autism,37,Autism__37__seg18,spike,low,1,Pointwise-D,0.0727743141619334,0.8653407135314095,1.0,,,1.0,0.997067448680352,0.9473960719834658,0.9473960719834658,1.0,,0.9814878402212726
Autism,37,Autism__37__seg18,spike,low,1,STRATUS-D,0.442973524603279,7.743676448579562,1.0,,,1.0,0.997067448680352,0.6678876832855145,0.6678876832855145,1.0,,0.8883183773219555
Autism,37,Autism__37__seg18,spike,low,1,Hybrid-P,1.5461629506718102,7.695637155012904,1.0,,,0.9067464147983428,0.9266862170087976,0.9473960719834658,0.9473960719834658,1.0,,0.9269429012635352
Autism,37,Autism__37__seg18,spike,low,1,STRATUS-H,1.7318109377745676,12.259463266021896,1.0,,,0.9042364453707143,0.9765395894428152,0.4433817701636234,0.4433817701636234,1.0,,0.7747192683257178
Autism,37,Autism__37__seg18,mixed,low,1,Pointwise-D,0.4971058308735801,2.3134299089933767,0.9108910891089108,0.0,1.0,0.9999819870216232,1.0,0.8904318048546037,0.8904318048546037,1.0,1.0,0.9780827583752452
Autism,37,Autism__37__seg18,mixed,low,1,STRATUS-D,1.064040021176733,11.208309129534891,0.9108910891089108,0.0,1.0,0.9999819870216232,1.0,0.645826507742524,0.645826507742524,1.0,1.0,0.9291616989528292
Autism,37,Autism__37__seg18,mixed,low,1,Hybrid-P,2.2604513356452887,9.956704626968106,0.9108910891089108,0.0,1.0,0.8832777991140252,0.9328859060402684,0.8762772487429675,0.8762772487429675,1.0,1.0,0.9384881907794522
Autism,37,Autism__37__seg18,mixed,low,1,STRATUS-H,1.7518614387780322,8.534119477728716,0.9108910891089108,0.0,1.0,0.9093226328621796,0.9731543624161074,0.8762772487429675,0.8762772487429675,1.0,1.0,0.9517508488042508
Autism,37,Autism__37__seg18,short_gap,medium,1,Pointwise-D,7.2265514477190305,36.42818297911889,1.0,,1.0,0.934440457411631,0.9969604863221884,,,1.0,,0.9771336479112732
Autism,37,Autism__37__seg18,short_gap,medium,1,STRATUS-D,7.2265514477190305,36.42818297911889,1.0,,1.0,0.934440457411631,0.9969604863221884,,,1.0,,0.9771336479112732
Autism,37,Autism__37__seg18,short_gap,medium,1,Hybrid-P,8.354033738483107,36.74672848507728,1.0,,1.0,0.8579977643210328,0.933130699088146,,,1.0,,0.9303761544697262
Autism,37,Autism__37__seg18,short_gap,medium,1,STRATUS-H,7.558823170768257,36.49793930460016,1.0,,1.0,0.9098902148313228,0.9848024316109424,,,1.0,,0.9648975488140884
Autism,37,Autism__37__seg18,long_gap,medium,1,Pointwise-D,0.5536570849350241,7.455398679077337,0.8316831683168316,0.0,,0.9468159498419152,0.9965277777777778,,,1.0,1.0,0.981114575873231
Autism,37,Autism__37__seg18,long_gap,medium,1,STRATUS-D,0.3547946264647643,6.50349292775346,0.8316831683168316,0.0,,0.9623578646262791,0.9965277777777778,,,1.0,1.0,0.9862952141346856
Autism,37,Autism__37__seg18,long_gap,medium,1,Hybrid-P,1.4678849814811652,8.200220526390495,0.8316831683168316,0.0,,0.8949927632403315,0.9375,,,1.0,1.0,0.944164254413444
Autism,37,Autism__37__seg18,long_gap,medium,1,STRATUS-H,0.4918058966292346,6.702097156910082,0.8316831683168316,0.0,,0.9554248878365268,0.9930555555555556,,,1.0,1.0,0.9828268144640274
Autism,37,Autism__37__seg18,jitter,medium,1,Pointwise-D,1.389295428246215,8.602293267904985,1.0,,,0.9363642510159844,0.9969512195121952,0.0,0.0,1.0,,0.6444384901760598
Autism,37,Autism__37__seg18,jitter,medium,1,STRATUS-D,1.278112639812031,8.306946372745355,1.0,,,0.955332653574713,0.9969512195121952,0.0,0.0,1.0,,0.6507612910289694
Autism,37,Autism__37__seg18,jitter,medium,1,Hybrid-P,2.1279599446363524,8.739107515799658,1.0,,,0.8946907855580154,0.9390243902439024,0.0640719248328429,0.0640719248328429,1.0,,0.6325957002115868
Autism,37,Autism__37__seg18,jitter,medium,1,STRATUS-H,1.8122346715737163,8.481483793677903,1.0,,,0.8950835903462258,0.975609756097561,0.0,0.0,1.0,,0.6235644488145956
Autism,37,Autism__37__seg18,spike,medium,1,Pointwise-D,1.6734099160568885,20.613747571217523,1.0,,,1.0,0.9970326409495548,0.7877675568890341,0.7877675568890341,1.0,,0.928266732612863
Autism,37,Autism__37__seg18,spike,medium,1,STRATUS-D,5.234877390352753,46.87077600607246,1.0,,,1.0,0.9970326409495548,0.3331469280110088,0.3331469280110088,1.0,,0.7767265229868546
Autism,37,Autism__37__seg18,spike,medium,1,Hybrid-P,1.7201409990937822,8.41035729811385,1.0,,,0.8756238630180657,0.9317507418397626,0.9859706290766675,0.9859706290766675,1.0,,0.9311150779781654
Autism,37,Autism__37__seg18,spike,medium,1,STRATUS-H,1.3734188718223286,9.17598308794212,1.0,,,0.9044142918313314,0.9762611275964392,0.9516424803174316,0.9516424803174316,1.0,,0.9441059665817338
Autism,37,Autism__37__seg18,mixed,medium,1,Pointwise-D,36.946897227870174,175.295139132566,0.8465346534653465,0.0,1.0,0.9989182059013796,1.0,0.842011502521447,0.842011502521447,0.9736842105263158,1.0,0.9681859416845652
Autism,37,Autism__37__seg18,mixed,medium,1,STRATUS-D,36.76162727372396,175.261652019444,0.8465346534653465,0.0,1.0,0.9982730482773317,1.0,0.842011502521447,0.842011502521447,0.9736842105263158,1.0,0.9680569101597556
Autism,37,Autism__37__seg18,mixed,medium,1,Hybrid-P,38.71648481206451,175.7354717647101,0.8465346534653465,0.0,1.0,0.8777711934260177,0.9318181818181818,0.8538450400321423,0.8538450400321423,0.9736842105263158,1.0,0.9326868830552684
Autism,37,Autism__37__seg18,mixed,medium,1,STRATUS-H,37.87198856639043,175.56387062630506,0.8465346534653465,0.0,1.0,0.8877271868272989,0.9734848484848484,0.8553129498708123,0.8553129498708123,0.9736842105263158,1.0,0.943304997036592
Autism,37,Autism__37__seg18,short_gap,high,1,Pointwise-D,9.791147782437072,45.04679996441615,1.0,,1.0,0.9536855513530452,0.9969230769230768,,,1.0,,0.983536209425374
Autism,37,Autism__37__seg18,short_gap,high,1,STRATUS-D,9.625757222917253,44.92397083978773,1.0,,1.0,0.9672199702627782,0.9969230769230768,,,1.0,,0.9880476823952852
Autism,37,Autism__37__seg18,short_gap,high,1,Hybrid-P,10.729055918050488,45.17830819629046,1.0,,1.0,0.8921084328424824,0.9323076923076924,,,1.0,,0.9414720417167248
Autism,37,Autism__37__seg18,short_gap,high,1,STRATUS-H,9.923045112298784,44.97505721413259,1.0,,1.0,0.9455551279443118,0.9846153846153848,,,1.0,,0.9767235041865656
Autism,37,Autism__37__seg18,long_gap,high,1,Pointwise-D,1.1957631756123182,16.056993295149905,0.7846534653465347,0.0,,0.8673935305796805,0.9963369963369964,,,1.0,1.0,0.954576842305559
Autism,37,Autism__37__seg18,long_gap,high,1,STRATUS-D,0.3760599195336303,6.69555651131749,0.7846534653465347,0.0,,0.956441534378048,0.9963369963369964,,,1.0,1.0,0.984259510238348
Autism,37,Autism__37__seg18,long_gap,high,1,Hybrid-P,2.6228547991678743,17.42525684907622,0.7846534653465347,0.0,,0.7668308520833768,0.9377289377289376,,,1.0,1.0,0.9015199299374382
Autism,37,Autism__37__seg18,long_gap,high,1,STRATUS-H,2.188403803390356,17.365406871587115,0.7846534653465347,0.0,,0.8032818418109577,0.9743589743589745,,,1.0,1.0,0.925880272056644
Autism,37,Autism__37__seg18,jitter,high,1,Pointwise-D,1.740360528250151,9.120281105120704,1.0,,,0.954542777076324,0.9968847352024922,0.1005848896162378,0.1005848896162378,1.0,,0.6840041339650179
Autism,37,Autism__37__seg18,jitter,high,1,STRATUS-D,1.8834956832574312,9.764926707719903,1.0,,,0.954542777076324,0.9968847352024922,0.0,0.0,1.0,,0.650475837426272
Autism,37,Autism__37__seg18,jitter,high,1,Hybrid-P,2.46359648817401,9.251989844129222,1.0,,,0.8914216838122158,0.9501557632398754,0.1809703219990077,0.1809703219990077,1.0,,0.6741825896836996
Autism,37,Autism__37__seg18,jitter,high,1,STRATUS-H,2.1232448330488207,8.793619866786743,1.0,,,0.8910305778764253,0.9750778816199376,0.2115510487106324,0.2115510487106324,1.0,,0.6925531694023318
Autism,37,Autism__37__seg18,spike,high,1,Pointwise-D,3.0435726164210246,31.039228436483288,1.0,,,0.994317791709493,0.9970149253731344,0.8357193318434157,0.8357193318434157,1.0,,0.9423506829753476
Autism,37,Autism__37__seg18,spike,high,1,STRATUS-D,5.091975447822734,42.92143748853778,1.0,,,0.994317791709493,0.9970149253731344,0.7247472634431175,0.7247472634431175,1.0,,0.9053599935085817
Autism,37,Autism__37__seg18,spike,high,1,Hybrid-P,2.3041854312128844,10.252508736512183,1.0,,,0.8748541689856857,0.9343283582089552,0.9793563868835552,0.9793563868835552,1.0,,0.9295129713593988
Autism,37,Autism__37__seg18,spike,high,1,STRATUS-H,1.3441955348333925,8.748084970875324,1.0,,,0.9442754448851868,0.9850746268656716,0.9793563868835552,0.9793563868835552,1.0,,0.9695688195448046
Autism,37,Autism__37__seg18,mixed,high,1,Pointwise-D,17.95485998697411,63.80285021565318,0.7970297029702971,0.0,1.0,0.8600533048878318,0.9957627118644068,0.746236136945124,0.746236136945124,1.0,1.0,0.9204104307394726
Autism,37,Autism__37__seg18,mixed,high,1,STRATUS-D,19.349611289608365,68.70233007580524,0.7970297029702971,0.0,1.0,0.8600533048878318,0.9957627118644068,0.6893416169601134,0.6893416169601134,1.0,1.0,0.9090315267424705
Autism,37,Autism__37__seg18,mixed,high,1,Hybrid-P,14.210112694275766,50.82525600000584,0.7970297029702971,0.0,1.0,0.9113711635254588,0.9322033898305084,0.9420999963976492,0.9420999963976492,1.0,1.0,0.9571349099507234
Autism,37,Autism__37__seg18,mixed,high,1,STRATUS-H,13.94925089452814,50.81961267065442,0.7970297029702971,0.0,1.0,0.9203641337882812,0.9788135593220338,0.9390971700658732,0.9390971700658732,1.0,1.0,0.9676549726352376
Autism,46,Autism__46__seg23,short_gap,low,0,Pointwise-D,1.0200534737007798,8.342286349063532,1.0,,1.0,0.9624218970624282,1.0,,,1.0,,0.987473965687476
Autism,46,Autism__46__seg23,short_gap,low,0,STRATUS-D,0.5961331960362728,5.7390828216606735,1.0,,1.0,1.0,1.0,,,1.0,,1.0
Autism,46,Autism__46__seg23,short_gap,low,0,Hybrid-P,2.579882108022323,11.146735657347865,1.0,,1.0,0.8524458747570068,0.9470588235294116,,,1.0,,0.9331682327621396
Autism,46,Autism__46__seg23,short_gap,low,0,STRATUS-H,2.168538960639325,10.885537818693088,1.0,,1.0,0.8725400129039336,0.9882352941176472,,,1.0,,0.9535917690071936
Autism,46,Autism__46__seg23,long_gap,low,0,Pointwise-D,0.4567034458038955,6.284222495093567,0.9282178217821784,0.0,,0.9597616985574556,1.0,,,1.0,1.0,0.9865872328524852
Autism,46,Autism__46__seg23,long_gap,low,0,STRATUS-D,0.0,0.0,0.9282178217821784,0.0,,1.0,1.0,,,1.0,1.0,1.0
Autism,46,Autism__46__seg23,long_gap,low,0,Hybrid-P,2.0882389165459285,9.895541363846313,0.9282178217821784,0.0,,0.8462003795009622,0.9470404984423676,,,1.0,1.0,0.9310802926477768
Autism,46,Autism__46__seg23,long_gap,low,0,STRATUS-H,1.6940051437323544,9.600746670296012,0.9282178217821784,0.0,,0.8635169691467734,0.9875389408099688,,,1.0,1.0,0.9503519699855808
Autism,46,Autism__46__seg23,jitter,low,0,Pointwise-D,0.6731500495443269,7.0783940937260645,1.0,,,0.9494170608441852,1.0,0.0,0.0,1.0,,0.6498056869480617
Autism,46,Autism__46__seg23,jitter,low,0,STRATUS-D,0.069689279952079,0.6512592422194301,1.0,,,1.0,1.0,0.0,0.0,1.0,,0.6666666666666666
Autism,46,Autism__46__seg23,jitter,low,0,Hybrid-P,2.076188251875469,9.602847583114304,1.0,,,0.8551563364257627,0.943952802359882,-0.5236220897011148,0.0,1.0,,0.5997030462618816
Autism,46,Autism__46__seg23,jitter,low,0,STRATUS-H,1.7623095496542585,9.421936849713342,1.0,,,0.8725400129039336,0.9823008849557522,-1.3977954730543267,0.0,1.0,,0.6182802992865619
Autism,46,Autism__46__seg23,spike,low,0,Pointwise-D,0.9478743200689304,17.85582086689287,1.0,,,0.9992328863031936,0.9970501474926252,0.8363880707466926,0.8363880707466926,1.0,,0.9442237015141705
Autism,46,Autism__46__seg23,spike,low,0,STRATUS-D,2.328970297499738,33.166800560119604,1.0,,,0.9992328863031936,0.9970501474926252,0.5923686781744522,0.5923686781744522,1.0,,0.8628839039900903
Autism,46,Autism__46__seg23,spike,low,0,Hybrid-P,2.428791650280411,10.604811415043072,1.0,,,0.8319459184720258,0.9292035398230089,0.992174174816131,0.992174174816131,1.0,,0.9177745443703884
Autism,46,Autism__46__seg23,spike,low,0,STRATUS-H,2.102228008818481,10.353185150677223,1.0,,,0.849199856435058,0.952802359882006,0.992174174816131,0.992174174816131,1.0,,0.9313921303777316
Autism,46,Autism__46__seg23,mixed,low,0,Pointwise-D,1.0828613017034825,7.87446715021499,0.905940594059406,0.0,1.0,0.986840135052412,1.0,0.7762838698629636,0.7762838698629636,1.0,1.0,0.952624800983075
Autism,46,Autism__46__seg23,mixed,low,0,STRATUS-D,2.557015917841972,25.454442827220017,0.905940594059406,0.0,1.0,0.989479605078592,1.0,0.0,0.0,1.0,1.0,0.7978959210157184
Autism,46,Autism__46__seg23,mixed,low,0,Hybrid-P,2.9875115890738595,11.877205746814886,0.905940594059406,0.0,1.0,0.8586622665170646,0.9493243243243245,0.7759738574539685,0.7759738574539685,1.0,1.0,0.9167920896590716
Autism,46,Autism__46__seg23,mixed,low,0,STRATUS-H,2.638233784540224,11.677099359529688,0.905940594059406,0.0,1.0,0.8795937293430263,0.9864864864864864,0.7762838698629636,0.7762838698629636,1.0,1.0,0.9284728171384952
Autism,46,Autism__46__seg23,short_gap,medium,0,Pointwise-D,2.031307844495254,12.67429380163544,1.0,,1.0,0.9616122516692088,1.0,,,1.0,,0.9872040838897362
Autism,46,Autism__46__seg23,short_gap,medium,0,STRATUS-D,1.6073875668307471,11.134677969042636,1.0,,1.0,1.0,1.0,,,1.0,,1.0
Autism,46,Autism__46__seg23,short_gap,medium,0,Hybrid-P,3.5750306936352816,14.667305851999,1.0,,1.0,0.8492667223141069,0.9467455621301776,,,1.0,,0.9320040948147614
Autism,46,Autism__46__seg23,short_gap,medium,0,STRATUS-H,3.179793331433799,14.47545907536615,1.0,,1.0,0.869793802124119,0.9881656804733728,,,1.0,,0.9526531608658306
Autism,46,Autism__46__seg23,long_gap,medium,0,Pointwise-D,0.483796023097347,6.467933645601068,0.8762376237623762,0.0,,0.953699210571632,1.0,,,1.0,1.0,0.9845664035238774
Autism,46,Autism__46__seg23,long_gap,medium,0,STRATUS-D,0.0,0.0,0.8762376237623762,0.0,,1.0,1.0,,,1.0,1.0,1.0
Autism,46,Autism__46__seg23,long_gap,medium,0,Hybrid-P,2.116377665832552,10.039308947549287,0.8762376237623762,0.0,,0.8290214847379296,0.944078947368421,,,1.0,1.0,0.9243668107021168
Autism,46,Autism__46__seg23,long_gap,medium,0,STRATUS-H,1.7944969742927486,9.881412133351818,0.8762376237623762,0.0,,0.8429538065590594,0.986842105263158,,,1.0,1.0,0.943265303940739
Autism,46,Autism__46__seg23,jitter,medium,0,Pointwise-D,0.7219325455107825,7.134793963471202,1.0,,,0.9494170608441852,1.0,0.0,0.0,1.0,,0.6498056869480617
Autism,46,Autism__46__seg23,jitter,medium,0,STRATUS-D,0.1184717759185346,1.107140711773033,1.0,,,1.0,1.0,0.0,0.0,1.0,,0.6666666666666666
Autism,46,Autism__46__seg23,jitter,medium,0,Hybrid-P,2.105762714990337,9.62704274289547,1.0,,,0.8551563364257627,0.943952802359882,-0.1458812735159027,0.0,1.0,,0.5997030462618816
Autism,46,Autism__46__seg23,jitter,medium,0,STRATUS-H,1.766030851292667,9.431755014430896,1.0,,,0.8725400129039336,0.9823008849557522,-0.4418787960550407,0.0,1.0,,0.6182802992865619
Autism,46,Autism__46__seg23,spike,medium,0,Pointwise-D,1.14922258602798,15.511692202727476,1.0,,,1.0,0.9970326409495548,0.7961602920636212,0.7961602920636212,1.0,,0.931064311004392
Autism,46,Autism__46__seg23,spike,medium,0,STRATUS-D,2.851514365913463,37.67101317392795,1.0,,,1.0,0.9970326409495548,0.494040531388173,0.494040531388173,1.0,,0.830357724112576
Autism,46,Autism__46__seg23,spike,medium,0,Hybrid-P,2.5130495649702964,11.136487045708195,1.0,,,0.8286584742124247,0.9287833827893176,0.987612869823274,0.987612869823274,1.0,,0.9150182422750054
Autism,46,Autism__46__seg23,spike,medium,0,STRATUS-H,2.242393989563645,10.955522169900128,1.0,,,0.8458535149426116,0.9495548961424332,0.987612869823274,0.987612869823274,1.0,,0.927673760302773
Autism,46,Autism__46__seg23,mixed,medium,0,Pointwise-D,2.562408928555036,12.529631057121795,0.8391089108910891,0.0,1.0,1.0,0.996138996138996,0.9740885558262284,0.9740885558262284,1.0,1.0,0.994045510393045
Autism,46,Autism__46__seg23,mixed,medium,0,STRATUS-D,2.562408928555036,12.529631057121795,0.8391089108910891,0.0,1.0,1.0,0.996138996138996,0.9740885558262284,0.9740885558262284,1.0,1.0,0.994045510393045
Autism,46,Autism__46__seg23,mixed,medium,0,Hybrid-P,4.709169860111165,16.275890193056608,0.8391089108910891,0.0,1.0,0.8066028827972129,0.9613899613899614,0.9806557871915365,0.9806557871915365,1.0,1.0,0.949729726275742
Autism,46,Autism__46__seg23,mixed,medium,0,STRATUS-H,4.413571393088816,16.101052269285315,0.8391089108910891,0.0,1.0,0.8304988493859282,0.9806949806949808,0.9806557871915365,0.9806557871915365,1.0,1.0,0.9583699234544892
Autism,46,Autism__46__seg23,short_gap,high,0,Pointwise-D,2.426034211194691,13.95979658655718,1.0,,1.0,0.9616122516692088,1.0,,,1.0,,0.9872040838897362
Autism,46,Autism__46__seg23,short_gap,high,0,STRATUS-D,2.002113933530184,12.578523396733113,1.0,,1.0,1.0,1.0,,,1.0,,1.0
Autism,46,Autism__46__seg23,short_gap,high,0,Hybrid-P,3.9652201791465993,15.791128606734649,1.0,,1.0,0.8492667223141069,0.9491017964071856,,,1.0,,0.9327895062404308
Autism,46,Autism__46__seg23,short_gap,high,0,STRATUS-H,3.574519698133236,15.613363276708808,1.0,,1.0,0.869793802124119,0.9880239520958084,,,1.0,,0.9526059180733092
Autism,46,Autism__46__seg23,long_gap,high,0,Pointwise-D,0.5174132694152895,6.688876692966916,0.8193069306930693,0.0,,0.9506511177550954,1.0,,,1.0,1.0,0.9835503725850318
Autism,46,Autism__46__seg23,long_gap,high,0,STRATUS-D,0.0,0.0,0.8193069306930693,0.0,,1.0,1.0,,,1.0,1.0,1.0
Autism,46,Autism__46__seg23,long_gap,high,0,Hybrid-P,2.2188336718114234,10.36588357442394,0.8193069306930693,0.0,,0.8213250293374007,0.9434628975265018,,,1.0,1.0,0.9215959756213008
Autism,46,Autism__46__seg23,long_gap,high,0,STRATUS-H,1.9191901175215496,10.218958779413263,0.8193069306930693,0.0,,0.8326150762695385,0.9858657243816256,,,1.0,1.0,0.9394936002170544
Autism,46,Autism__46__seg23,jitter,high,0,Pointwise-D,0.795693158696958,7.206758689031949,1.0,,,0.9494170608441852,1.0,0.0,0.0,1.0,,0.6498056869480617
Autism,46,Autism__46__seg23,jitter,high,0,STRATUS-D,0.1922323891047102,1.5026132091851547,1.0,,,1.0,1.0,0.0,0.0,1.0,,0.6666666666666666
Autism,46,Autism__46__seg23,jitter,high,0,Hybrid-P,2.202752133673703,9.68943799169396,1.0,,,0.8511588596967676,0.9437869822485208,0.0601897671629234,0.0601897671629234,1.0,,0.618378536369404
Autism,46,Autism__46__seg23,jitter,high,0,STRATUS-H,1.870759661734875,9.506567870522646,1.0,,,0.8687220394560988,0.9822485207100592,-0.0763882251560856,0.0,1.0,,0.6169901867220527
Autism,46,Autism__46__seg23,spike,high,0,Pointwise-D,2.272872331854318,32.612687253108525,1.0,,,0.943574430760068,0.994011976047904,0.8841692419624987,0.8841692419624987,1.0,,0.9405852162568236
Autism,46,Autism__46__seg23,spike,high,0,STRATUS-D,3.813479802878181,45.19003891562133,1.0,,,0.943574430760068,0.994011976047904,0.8051652902382767,0.8051652902382767,1.0,,0.914250565682083
Autism,46,Autism__46__seg23,spike,high,0,Hybrid-P,2.520194552997744,11.168789025475762,1.0,,,0.830817591860458,0.934131736526946,0.9888303562943236,0.9888303562943236,1.0,,0.9179265615605758
Autism,46,Autism__46__seg23,spike,high,0,STRATUS-H,1.9367820809785776,9.866740447869232,1.0,,,0.8672469115694579,0.9610778443113772,0.9888303562943236,0.9888303562943236,1.0,,0.9390517040583862
Autism,46,Autism__46__seg23,mixed,high,0,Pointwise-D,4.10347297108434,15.548763431047105,0.7896039603960396,0.0,1.0,1.0,0.9957264957264956,0.966480973585661,0.966480973585661,1.0,1.0,0.9924414938624312
Autism,46,Autism__46__seg23,mixed,high,0,STRATUS-D,5.554066723261457,30.334263642916746,0.7896039603960396,0.0,1.0,1.0,0.9957264957264956,0.9354334560352608,0.9354334560352608,1.0,1.0,0.9862319903523512
Autism,46,Autism__46__seg23,mixed,high,0,Hybrid-P,7.645417157787291,26.46154859283121,0.7896039603960396,0.0,1.0,0.7475886450403663,0.9786324786324786,0.9680289057328788,0.9680289057328788,1.0,1.0,0.9388500058811446
Autism,46,Autism__46__seg23,mixed,high,0,STRATUS-H,7.049217410205844,25.77859647568893,0.7896039603960396,0.0,1.0,0.7632103373091457,0.9871794871794872,0.9720382137783556,0.9720382137783556,1.0,1.0,0.9444856076533976
Autism,46,Autism__46__seg23,short_gap,low,1,Pointwise-D,0.9303938622980292,7.030902088981685,1.0,,1.0,0.9633733035224806,1.0,,,1.0,,0.9877911011741602
Autism,46,Autism__46__seg23,short_gap,low,1,STRATUS-D,0.5064735846335223,3.5744809817588785,1.0,,1.0,1.0,1.0,,,1.0,,1.0
Autism,46,Autism__46__seg23,short_gap,low,1,Hybrid-P,2.5542136377929894,10.235548703425104,1.0,,1.0,0.8533368312039086,0.9373134328358208,,,1.0,,0.9302167546799098
Autism,46,Autism__46__seg23,short_gap,low,1,STRATUS-H,2.250768283522135,10.063381929797297,1.0,,1.0,0.8690843891692124,0.9731343283582088,,,1.0,,0.9474062391758072
Autism,46,Autism__46__seg23,long_gap,low,1,Pointwise-D,0.4705049235617056,6.3784696737505975,0.900990099009901,0.0,,0.959431370372521,1.0,,,1.0,1.0,0.986477123457507
Autism,46,Autism__46__seg23,long_gap,low,1,STRATUS-D,0.0,0.0,0.900990099009901,0.0,,1.0,1.0,,,1.0,1.0,1.0
Autism,46,Autism__46__seg23,long_gap,low,1,Hybrid-P,1.967770341607847,8.801274243706569,0.900990099009901,0.0,,0.8786524873448859,0.9385113268608414,,,1.0,1.0,0.9390546047352424
Autism,46,Autism__46__seg23,long_gap,low,1,STRATUS-H,1.9359754350302183,9.910572054755464,0.900990099009901,0.0,,0.8549946503772413,0.970873786407767,,,1.0,1.0,0.9419561455950028
Autism,46,Autism__46__seg23,jitter,low,1,Pointwise-D,0.8416140089096735,7.2883095293803555,1.0,,,0.950697725149172,1.0,0.0,0.0,1.0,,0.650232575049724
Autism,46,Autism__46__seg23,jitter,low,1,STRATUS-D,0.2381532393174256,1.8547052193102544,1.0,,,1.0,1.0,0.0,0.0,1.0,,0.6666666666666666
Autism,46,Autism__46__seg23,jitter,low,1,Hybrid-P,2.248978483798032,9.746748788926562,1.0,,,0.8558383429814965,0.940119760479042,0.0659108737514861,0.0659108737514861,1.0,,0.6206229924040082
Autism,46,Autism__46__seg23,jitter,low,1,STRATUS-H,1.9824479382060385,9.58825703798931,1.0,,,0.8690843891692124,0.9730538922155688,0.0,0.0,1.0,,0.614046093794927
Autism,46,Autism__46__seg23,spike,low,1,Pointwise-D,0.0531583544074912,0.6520251815127486,1.0,,,1.0,0.9970588235294118,0.9634054278895908,0.9634054278895908,1.0,,0.9868214171396676
Autism,46,Autism__46__seg23,spike,low,1,STRATUS-D,0.42992644919006,7.7260406236333825,1.0,,,1.0,0.9970588235294118,0.6789373898299633,0.6789373898299633,1.0,,0.8919987377864583
Autism,46,Autism__46__seg23,spike,low,1,Hybrid-P,2.2534839470777204,9.818082694593798,1.0,,,0.8461431286711463,0.9352941176470588,0.9634054278895908,0.9634054278895908,1.0,,0.9149475580692652
Autism,46,Autism__46__seg23,spike,low,1,STRATUS-H,1.8648526096055484,9.526548655750853,1.0,,,0.8646733332780546,0.9705882352941176,0.9634054278895908,0.9634054278895908,1.0,,0.9328889988205876
Autism,46,Autism__46__seg23,mixed,low,1,Pointwise-D,0.8228771555907398,4.109881657986777,0.9108910891089108,0.0,1.0,1.0,1.0,0.8848637177142251,0.8848637177142251,1.0,1.0,0.976972743542845
Autism,46,Autism__46__seg23,mixed,low,1,STRATUS-D,1.3820081313632482,11.70963336716999,0.9108910891089108,0.0,1.0,1.0,1.0,0.6436251387174825,0.6436251387174825,1.0,1.0,0.9287250277434964
Autism,46,Autism__46__seg23,mixed,low,1,Hybrid-P,2.2511231355809374,10.14821577274866,0.9108910891089108,0.0,1.0,0.897839558882222,0.924092409240924,0.9242322825356396,0.9242322825356396,1.0,1.0,0.9492328501317572
Autism,46,Autism__46__seg23,mixed,low,1,STRATUS-H,2.4260587234881283,12.197544157145154,0.9108910891089108,0.0,1.0,0.8939632957754752,0.9603960396039604,0.7820327833389172,0.7820327833389172,1.0,1.0,0.9272784237436704
Autism,46,Autism__46__seg23,short_gap,medium,1,Pointwise-D,1.7409939644834942,9.314541962321062,1.0,,1.0,0.9631700747470384,1.0,,,1.0,,0.9877233582490128
Autism,46,Autism__46__seg23,short_gap,medium,1,STRATUS-D,1.317073686818987,7.078419461429845,1.0,,1.0,1.0,1.0,,,1.0,,1.0
Autism,46,Autism__46__seg23,short_gap,medium,1,Hybrid-P,3.442594772684722,12.007094890040126,1.0,,1.0,0.8495625997478294,0.9361702127659576,,,1.0,,0.9285776041712622
Autism,46,Autism__46__seg23,short_gap,medium,1,STRATUS-H,3.0613683857076,11.772797613480137,1.0,,1.0,0.8683579840648996,0.972644376899696,,,1.0,,0.9470007869881986
Autism,46,Autism__46__seg23,long_gap,medium,1,Pointwise-D,0.5097136671918477,6.638921724236228,0.8316831683168316,0.0,,0.9553909409039324,1.0,,,1.0,1.0,0.985130313634644
Autism,46,Autism__46__seg23,long_gap,medium,1,STRATUS-D,0.0,0.0,0.8316831683168316,0.0,,1.0,1.0,,,1.0,1.0,1.0
Autism,46,Autism__46__seg23,long_gap,medium,1,Hybrid-P,2.0215307166145235,9.070727552908844,0.8316831683168316,0.0,,0.8669010224547044,0.9405594405594404,,,1.0,1.0,0.9358201543380482
Autism,46,Autism__46__seg23,long_gap,medium,1,STRATUS-H,1.9693123760446407,10.22712813294226,0.8316831683168316,0.0,,0.8414481239407791,0.9790209790209792,,,1.0,1.0,0.9401563676539194
Autism,46,Autism__46__seg23,jitter,medium,1,Pointwise-D,1.4211061308444568,8.512194913000974,1.0,,,0.9504241640063976,1.0,0.0,0.0,1.0,,0.6501413880021326
Autism,46,Autism__46__seg23,jitter,medium,1,STRATUS-D,0.817645361252209,4.772623795293304,1.0,,,1.0,1.0,0.0,0.0,1.0,,0.6666666666666666
Autism,46,Autism__46__seg23,jitter,medium,1,Hybrid-P,2.320481176369389,9.699607617259176,1.0,,,0.8599957446073433,0.948170731707317,0.49547363910118,0.49547363910118,1.0,,0.7678800384719467
Autism,46,Autism__46__seg23,jitter,medium,1,STRATUS-H,2.163227305456048,9.67042486070908,1.0,,,0.8683579840648996,0.9695121951219512,0.49547363910118,0.49547363910118,1.0,,0.777781272762677
Autism,46,Autism__46__seg23,spike,medium,1,Pointwise-D,1.720682815604981,20.66907585044469,1.0,,,0.993532805441524,0.9970238095238096,0.7810661540506565,0.7810661540506565,1.0,,0.9238742563386634
Autism,46,Autism__46__seg23,spike,medium,1,STRATUS-D,5.222791985378816,46.86987849170626,1.0,,,0.919680319849684,0.9970238095238096,0.3340226011745043,0.3340226011745043,1.0,,0.7502422435159993
Autism,46,Autism__46__seg23,spike,medium,1,Hybrid-P,2.720808666338187,12.305653918987998,1.0,,,0.8310219965794401,0.9226190476190476,0.981593141934567,0.981593141934567,1.0,,0.9117447287110184
Autism,46,Autism__46__seg23,spike,medium,1,STRATUS-H,2.67332114132762,13.462614349857558,1.0,,,0.8494933039535029,0.9583333333333334,0.9451741578432232,0.9451741578432232,1.0,,0.9176669317100198
Autism,46,Autism__46__seg23,mixed,medium,1,Pointwise-D,35.405926353782455,164.00290795186842,0.8465346534653465,0.0,1.0,1.0,0.996268656716418,0.776178362571164,0.776178362571164,0.9912280701754386,1.0,0.9544894038575163
Autism,46,Autism__46__seg23,mixed,medium,1,STRATUS-D,36.90220557985972,166.17417403280197,0.8465346534653465,0.0,1.0,1.0,0.996268656716418,0.6868932591134295,0.6868932591134295,0.9912280701754386,1.0,0.9366323831659696
Autism,46,Autism__46__seg23,mixed,medium,1,Hybrid-P,36.59011819082027,164.01298273098485,0.8465346534653465,0.0,1.0,0.8258582962363278,0.9365671641791044,0.8348392751102406,0.8348392751102406,0.9912280701754386,1.0,0.9194529471051348
Autism,46,Autism__46__seg23,mixed,medium,1,STRATUS-H,35.862463130380675,163.7584392255711,0.8465346534653465,0.0,1.0,0.8557841082511841,0.9589552238805972,0.8433848561110817,0.8433848561110817,0.9912280701754386,1.0,0.9316248376485726
Autism,46,Autism__46__seg23,short_gap,high,1,Pointwise-D,2.247248501660557,14.00659389012316,1.0,,1.0,0.955987974319758,0.9938271604938272,,,1.0,,0.9832717116045284
Autism,46,Autism__46__seg23,short_gap,high,1,STRATUS-D,2.247248501660557,14.00659389012316,1.0,,1.0,0.955987974319758,0.9938271604938272,,,1.0,,0.9832717116045284
Autism,46,Autism__46__seg23,short_gap,high,1,Hybrid-P,4.50016852636962,17.679206585331798,1.0,,1.0,0.8110264145024986,0.9351851851851852,,,1.0,,0.9154038665625612
Autism,46,Autism__46__seg23,short_gap,high,1,STRATUS-H,4.238583759057104,17.587926118454295,1.0,,1.0,0.824345958384658,0.9660493827160492,,,1.0,,0.9301317803669024
Autism,46,Autism__46__seg23,long_gap,high,1,Pointwise-D,0.5402643286323686,6.83498484162911,0.7846534653465347,0.0,,0.9539201506778764,1.0,,,1.0,1.0,0.9846400502259588
Autism,46,Autism__46__seg23,long_gap,high,1,STRATUS-D,0.0,0.0,0.7846534653465347,0.0,,1.0,1.0,,,1.0,1.0,1.0
Autism,46,Autism__46__seg23,long_gap,high,1,Hybrid-P,2.097179341373696,9.320275581073393,0.7846534653465347,0.0,,0.8647119563999327,0.9407407407407408,,,1.0,1.0,0.9351508990468912
Autism,46,Autism__46__seg23,long_gap,high,1,STRATUS-H,2.0873468717697143,10.529159502946364,0.7846534653465347,0.0,,0.8362205635672556,0.9777777777777776,,,1.0,1.0,0.9379994471150112
Autism,46,Autism__46__seg23,jitter,high,1,Pointwise-D,2.0264891742898565,9.940115583050025,1.0,,,0.9488833879591376,1.0,0.0,0.0,1.0,,0.6496277959863792
Autism,46,Autism__46__seg23,jitter,high,1,STRATUS-D,1.423028404697609,7.009020863064547,1.0,,,0.99845922395274,1.0,0.0,0.0,1.0,,0.6661530746509133
Autism,46,Autism__46__seg23,jitter,high,1,Hybrid-P,2.892134057048682,10.753196284789537,1.0,,,0.8534976641354803,0.95,0.3606319929815973,0.3606319929815973,1.0,,0.7213765523723592
Autism,46,Autism__46__seg23,jitter,high,1,STRATUS-H,2.468783486342713,9.916822117010604,1.0,,,0.8668172080176397,0.971875,0.4908824131250896,0.4908824131250896,1.0,,0.7765248737142431
Autism,46,Autism__46__seg23,spike,high,1,Pointwise-D,2.989591743752471,31.017650506916983,1.0,,,1.0,0.997005988023952,0.8391586217111882,0.8391586217111882,1.0,,0.9453882032450468
Autism,46,Autism__46__seg23,spike,high,1,STRATUS-D,5.037197728803116,42.90558126561424,1.0,,,1.0,0.997005988023952,0.7282297224016661,0.7282297224016661,1.0,,0.9084119034752062
Autism,46,Autism__46__seg23,spike,high,1,Hybrid-P,2.2869694332481,9.766778578352136,1.0,,,0.8506945803064443,0.9311377245508982,0.993495760664058,0.993495760664058,1.0,,0.9251093551738002
Autism,46,Autism__46__seg23,spike,high,1,STRATUS-H,1.9220176600243648,9.519904785309638,1.0,,,0.8692892463906494,0.9730538922155688,0.993495760664058,0.993495760664058,1.0,,0.945279633090092
Autism,46,Autism__46__seg23,mixed,high,1,Pointwise-D,8.275061113030997,41.43259558438168,0.7970297029702971,0.0,1.0,0.8264378655369871,0.9957805907172996,0.7375261498265389,0.7375261498265389,1.0,1.0,0.9119489212161652
Autism,46,Autism__46__seg23,mixed,high,1,STRATUS-D,9.684410285540864,48.64192179284279,0.7970297029702971,0.0,1.0,0.8264378655369871,0.9957805907172996,0.680036155366754,0.680036155366754,1.0,1.0,0.9004509223242081
Autism,46,Autism__46__seg23,mixed,high,1,Hybrid-P,5.876417466363556,20.043734923679818,0.7970297029702971,0.0,1.0,0.9739563500386456,0.9451476793248944,0.9103947964189752,0.9103947964189752,1.0,1.0,0.9658997651565032
Autism,46,Autism__46__seg23,mixed,high,1,STRATUS-H,6.429480380064309,27.680975733792224,0.7970297029702971,0.0,1.0,0.9832865701139786,0.9493670886075948,0.8871822096223162,0.8871822096223162,1.0,1.0,0.963967173668778
Autism,50,Autism__50__seg25,short_gap,low,0,Pointwise-D,2.2041251653744736,17.577936226319448,1.0,,1.0,0.9567939916292788,0.9970501474926252,,,1.0,,0.9846147130406347
Autism,50,Autism__50__seg25,short_gap,low,0,STRATUS-D,2.1869236765407267,17.57454402867,1.0,,1.0,0.9568248803024464,0.9970501474926252,,,1.0,,0.984625009265024
Autism,50,Autism__50__seg25,short_gap,low,0,Hybrid-P,9.104585577029956,27.851754989188084,1.0,,1.0,0.6889894296445415,0.8436578171091446,,,1.0,,0.8442157489178954
Autism,50,Autism__50__seg25,short_gap,low,0,STRATUS-H,7.737251740687995,26.807801615700694,1.0,,1.0,0.7284523802506633,0.9085545722713864,,,1.0,,0.8790023175073499
Autism,50,Autism__50__seg25,long_gap,low,0,Pointwise-D,0.8698296214226989,11.699699059151309,0.9280397022332506,0.0,,0.9567939916292788,0.9968253968253968,,,1.0,1.0,0.9845397961515586
Autism,50,Autism__50__seg25,long_gap,low,0,STRATUS-D,0.851294327305052,11.694206587401457,0.9280397022332506,0.0,,0.9568248803024464,0.9968253968253968,,,1.0,1.0,0.9845500923759478
Autism,50,Autism__50__seg25,long_gap,low,0,Hybrid-P,8.020213960639065,25.20553389338397,0.9280397022332506,0.0,,0.6889894296445415,0.8571428571428571,,,1.0,1.0,0.8487107622624662
Autism,50,Autism__50__seg25,long_gap,low,0,STRATUS-H,6.831995423164274,24.04835834794696,0.9280397022332506,0.0,,0.7284523802506633,0.9015873015873016,,,1.0,1.0,0.8766798939459882
Autism,50,Autism__50__seg25,jitter,low,0,Pointwise-D,1.2470437185117682,12.92084099073775,1.0,,,0.9533360685214282,0.9940828402366864,0.0,0.0,1.0,,0.6491396362527048
Autism,50,Autism__50__seg25,jitter,low,0,STRATUS-D,1.2298422296780214,12.916225754725549,1.0,,,0.9533669571945956,0.9940828402366864,0.0,0.0,1.0,,0.6491499324770941
Autism,50,Autism__50__seg25,jitter,low,0,Hybrid-P,7.7583232753039475,24.38311936476691,1.0,,,0.6853133697966017,0.849112426035503,0.0,0.0,1.0,,0.5114752652773683
Autism,50,Autism__50__seg25,jitter,low,0,STRATUS-H,6.410225204377366,23.17611693524925,1.0,,,0.7284523802506633,0.908284023668639,0.0,0.0,1.0,,0.5455788013064341
Autism,50,Autism__50__seg25,spike,low,0,Pointwise-D,1.3623315837949257,15.462945536721406,1.0,,,0.999217438574778,1.0,0.883071581211214,0.883071581211214,1.0,,0.9607630065953306
Autism,50,Autism__50__seg25,spike,low,0,STRATUS-D,1.2534018071199875,15.307540922182516,1.0,,,0.9921819601242754,1.0,0.883071581211214,0.883071581211214,1.0,,0.9584178471118298
Autism,50,Autism__50__seg25,spike,low,0,Hybrid-P,8.912566109183564,28.92495903662671,1.0,,,0.6733942528555066,0.8613569321533924,0.883071581211214,0.883071581211214,1.0,,0.805940922073371
Autism,50,Autism__50__seg25,spike,low,0,STRATUS-H,7.63492532687874,27.926365819518487,1.0,,,0.7154510416177365,0.9085545722713864,0.883071581211214,0.883071581211214,1.0,,0.835692398366779
Autism,50,Autism__50__seg25,mixed,low,0,Pointwise-D,1.766675841162996,14.236615310251857,0.9057071960297768,0.0,1.0,1.0,1.0,0.8821770037912613,0.8821770037912613,1.0,1.0,0.9764354007582522
Autism,50,Autism__50__seg25,mixed,low,0,STRATUS-D,3.446510076617345,28.533161408481885,0.9057071960297768,0.0,1.0,1.0,1.0,0.0,0.0,1.0,1.0,0.8
Autism,50,Autism__50__seg25,mixed,low,0,Hybrid-P,9.866806265014048,29.185298205328547,0.9057071960297768,0.0,1.0,0.6375965232838524,0.8430034129692833,0.8821770037912613,0.8821770037912613,1.0,1.0,0.8725553880088794
Autism,50,Autism__50__seg25,mixed,low,0,STRATUS-H,8.560209615764373,28.001538622239966,0.9057071960297768,0.0,1.0,0.701295868761109,0.8839590443686007,0.8821770037912613,0.8821770037912613,1.0,1.0,0.8934863833841943
Autism,50,Autism__50__seg25,short_gap,medium,0,Pointwise-D,2.2059297778848856,15.202419028065922,1.0,,1.0,0.9567939916292788,0.9970149253731344,,,1.0,,0.9846029723341376
Autism,50,Autism__50__seg25,short_gap,medium,0,STRATUS-D,2.188728289051139,15.198496640918387,1.0,,1.0,0.9568248803024464,0.9970149253731344,,,1.0,,0.9846132685585268
Autism,50,Autism__50__seg25,short_gap,medium,0,Hybrid-P,9.074734441261528,26.412277555404103,1.0,,1.0,0.6889894296445415,0.8477611940298507,,,1.0,,0.8455835412247974
Autism,50,Autism__50__seg25,short_gap,medium,0,STRATUS-H,7.739056353198407,25.313789321141,1.0,,1.0,0.7284523802506633,0.9074626865671642,,,1.0,,0.8786383556059425
Autism,50,Autism__50__seg25,long_gap,medium,0,Pointwise-D,0.9215758595243324,12.042679804913972,0.8759305210918115,0.0,,0.9567939916292788,0.9965986394557824,,,1.0,1.0,0.9844642103616872
Autism,50,Autism__50__seg25,long_gap,medium,0,STRATUS-D,0.9019378991843892,12.037026319445108,0.8759305210918115,0.0,,0.9568248803024464,0.9965986394557824,,,1.0,1.0,0.9844745065860764
Autism,50,Autism__50__seg25,long_gap,medium,0,Hybrid-P,8.369873340284855,25.912185825512257,0.8759305210918115,0.0,,0.6889894296445415,0.8639455782312925,,,1.0,1.0,0.8509783359586113
Autism,50,Autism__50__seg25,long_gap,medium,0,STRATUS-H,7.238431411511158,24.753344334239927,0.8759305210918115,0.0,,0.7284523802506633,0.8945578231292517,,,1.0,1.0,0.8743367344599716
Autism,50,Autism__50__seg25,jitter,medium,0,Pointwise-D,1.2959472628553117,12.951901134558698,1.0,,,0.9533360685214282,0.9940828402366864,0.0,0.0,1.0,,0.6491396362527048
Autism,50,Autism__50__seg25,jitter,medium,0,STRATUS-D,1.2787457740215649,12.947296970352134,1.0,,,0.9533669571945956,0.9940828402366864,0.0,0.0,1.0,,0.6491499324770941
Autism,50,Autism__50__seg25,jitter,medium,0,Hybrid-P,7.807226819647489,24.39959264102426,1.0,,,0.6853133697966017,0.849112426035503,0.0,0.0,1.0,,0.5114752652773683
Autism,50,Autism__50__seg25,jitter,medium,0,STRATUS-H,6.45912874872091,23.193447507600094,1.0,,,0.7284523802506633,0.908284023668639,0.0,0.0,1.0,,0.5455788013064341
Autism,50,Autism__50__seg25,spike,medium,0,Pointwise-D,1.8309091940202111,20.878916924073856,1.0,,,1.0,0.9970326409495548,0.6763491282488157,0.6763491282488157,1.0,,0.8911272563994569
Autism,50,Autism__50__seg25,spike,medium,0,STRATUS-D,5.6512501431996025,50.944886627968096,1.0,,,1.0,0.9970326409495548,0.0,0.0,1.0,,0.6656775469831849
Autism,50,Autism__50__seg25,spike,medium,0,Hybrid-P,8.296310214323233,25.18872785516941,1.0,,,0.6819313160745625,0.8545994065281899,0.9565907037981204,0.9565907037981204,1.0,,0.8310404754669576
Autism,50,Autism__50__seg25,spike,medium,0,STRATUS-H,6.923669142343125,23.619550331882344,1.0,,,0.7413550624669233,0.884272997032641,0.9565907037981204,0.9565907037981204,1.0,,0.8607395877658949
Autism,50,Autism__50__seg25,mixed,medium,0,Pointwise-D,3.9593606507714822,22.200254452677488,0.8387096774193549,0.0,1.0,1.0,1.0,0.906590235491578,0.906590235491578,1.0,1.0,0.9813180470983156
Autism,50,Autism__50__seg25,mixed,medium,0,STRATUS-D,3.9593606507714822,22.200254452677488,0.8387096774193549,0.0,1.0,1.0,1.0,0.906590235491578,0.906590235491578,1.0,1.0,0.9813180470983156
Autism,50,Autism__50__seg25,mixed,medium,0,Hybrid-P,10.845414872589064,29.71420423432407,0.8387096774193549,0.0,1.0,0.6476070749419949,0.8730769230769231,0.9436075443051096,0.9436075443051096,1.0,1.0,0.8928583084648055
Autism,50,Autism__50__seg25,mixed,medium,0,STRATUS-H,9.518614197446562,28.34947046663364,0.8387096774193549,0.0,1.0,0.7063694365006414,0.9,0.9446771528089588,0.9446771528089588,1.0,1.0,0.91020931786192
Autism,50,Autism__50__seg25,short_gap,high,0,Pointwise-D,2.938274670589815,18.01811537702903,1.0,,1.0,0.9567939916292788,0.9969788519637462,,,1.0,,0.9845909478643416
Autism,50,Autism__50__seg25,short_gap,high,0,STRATUS-D,2.921073181756068,18.01480606554055,1.0,,1.0,0.9568248803024464,0.9969788519637462,,,1.0,,0.984601244088731
Autism,50,Autism__50__seg25,short_gap,high,0,Hybrid-P,9.76144037615008,28.11241591480702,1.0,,1.0,0.6889894296445415,0.8489425981873112,,,1.0,,0.8459773426106176
Autism,50,Autism__50__seg25,short_gap,high,0,STRATUS-H,8.471401245903335,27.09846614164981,1.0,,1.0,0.7284523802506633,0.9063444108761328,,,1.0,,0.8782655970422654
Autism,50,Autism__50__seg25,long_gap,high,0,Pointwise-D,0.9858069042790588,12.45528077368525,0.8188585607940446,0.0,,0.9555953876473038,0.9963235294117648,,,1.0,1.0,0.983972972353023
Autism,50,Autism__50__seg25,long_gap,high,0,STRATUS-D,0.9648002376123922,12.449433590997897,0.8188585607940446,0.0,,0.9556271332218156,0.9963235294117648,,,1.0,1.0,0.9839835542111932
Autism,50,Autism__50__seg25,long_gap,high,0,Hybrid-P,9.029071788090622,27.01798432563737,0.8188585607940446,0.0,,0.663073955918709,0.8676470588235294,,,1.0,1.0,0.8435736715807461
Autism,50,Autism__50__seg25,long_gap,high,0,STRATUS-H,7.742928146252845,25.60143246894803,0.8188585607940446,0.0,,0.7209192136703418,0.8860294117647058,,,1.0,1.0,0.8689828751450159
Autism,50,Autism__50__seg25,jitter,high,0,Pointwise-D,1.3698909048583257,12.99178162945072,1.0,,,0.9533360685214282,0.9940652818991098,0.0,0.0,1.0,,0.6491337834735127
Autism,50,Autism__50__seg25,jitter,high,0,STRATUS-D,1.3526894160245788,12.98719160351613,1.0,,,0.9533669571945956,0.9940652818991098,0.0,0.0,1.0,,0.6491440796979019
Autism,50,Autism__50__seg25,jitter,high,0,Hybrid-P,7.822818756665743,24.40530495795845,1.0,,,0.6853133697966017,0.8545994065281899,0.192142012996309,0.192142012996309,1.0,,0.5773515964403669
Autism,50,Autism__50__seg25,jitter,high,0,STRATUS-H,6.533072390723924,23.2157415172497,1.0,,,0.7284523802506633,0.9080118694362018,0.0,0.0,1.0,,0.545488083228955
Autism,50,Autism__50__seg25,spike,high,0,Pointwise-D,4.196324649199324,45.51811224304939,1.0,,,0.9929892554906872,0.997005988023952,0.7857189757716134,0.7857189757716134,1.0,,0.9252380730954176
Autism,50,Autism__50__seg25,spike,high,0,STRATUS-D,4.196324649199324,45.51811224304939,1.0,,,0.9929892554906872,0.997005988023952,0.7857189757716134,0.7857189757716134,1.0,,0.9252380730954176
Autism,50,Autism__50__seg25,spike,high,0,Hybrid-P,8.766437172341236,27.71274653552756,1.0,,,0.6948608657184566,0.8682634730538922,0.9671451388592692,0.9671451388592692,1.0,,0.8434231592105393
Autism,50,Autism__50__seg25,spike,high,0,STRATUS-H,7.587914760061452,26.428232387406595,1.0,,,0.7457339142222477,0.8802395209580839,0.9671451388592692,0.9671451388592692,1.0,,0.8643728580132001
Autism,50,Autism__50__seg25,mixed,high,0,Pointwise-D,4.491918868903614,17.278433671340867,0.7890818858560794,0.0,1.0,1.0,1.0,0.9617812052587578,0.9617812052587578,1.0,1.0,0.9923562410517516
Autism,50,Autism__50__seg25,mixed,high,0,STRATUS-D,5.90721376053668,31.27905384827993,0.7890818858560794,0.0,1.0,1.0,1.0,0.9315841596642982,0.9315841596642982,1.0,1.0,0.9863168319328596
Autism,50,Autism__50__seg25,mixed,high,0,Hybrid-P,13.699446760080138,33.90332344546659,0.7890818858560794,0.0,1.0,0.5893262497846085,0.8539823008849557,0.9691846776625076,0.9691846776625076,1.0,1.0,0.8824986456664143
Autism,50,Autism__50__seg25,mixed,high,0,STRATUS-H,13.285664659874737,33.618743062877925,0.7890818858560794,0.0,1.0,0.6161949813562984,0.8672566371681416,0.9645477769488244,0.9645477769488244,1.0,1.0,0.8895998790946529
Autism,50,Autism__50__seg25,short_gap,low,1,Pointwise-D,5.581255172140388,36.93352932641384,1.0,,1.0,0.9512084861930302,0.994011976047904,,,1.0,,0.9817401540803116
Autism,50,Autism__50__seg25,short_gap,low,1,STRATUS-D,5.581255172140388,36.93352932641384,1.0,,1.0,0.9512084861930302,0.994011976047904,,,1.0,,0.9817401540803116
Autism,50,Autism__50__seg25,short_gap,low,1,Hybrid-P,12.209271363849972,42.65744441100652,1.0,,1.0,0.6780414191180385,0.8473053892215568,,,1.0,,0.8417822694465317
Autism,50,Autism__50__seg25,short_gap,low,1,STRATUS-H,10.9928458301138,42.00113224393721,1.0,,1.0,0.7231750462439923,0.8922155688622755,,,1.0,,0.8717968717020893
Autism,50,Autism__50__seg25,long_gap,low,1,Pointwise-D,0.947475243075391,11.94557729549727,0.9007444168734492,0.0,,0.949309980104904,0.9934640522875816,,,1.0,1.0,0.980924677464162
Autism,50,Autism__50__seg25,long_gap,low,1,STRATUS-D,0.947475243075391,11.94557729549727,0.9007444168734492,0.0,,0.949309980104904,0.9934640522875816,,,1.0,1.0,0.980924677464162
Autism,50,Autism__50__seg25,long_gap,low,1,Hybrid-P,8.184832129283368,25.44086010489624,0.9007444168734492,0.0,,0.6523884578339376,0.8562091503267973,,,1.0,1.0,0.8361992027202451
Autism,50,Autism__50__seg25,long_gap,low,1,STRATUS-H,7.361130365072219,24.63523849496311,0.9007444168734492,0.0,,0.6888802405959663,0.8790849673202614,,,1.0,1.0,0.8559884026387427
Autism,50,Autism__50__seg25,jitter,low,1,Pointwise-D,1.3834549191890155,13.025170614859524,1.0,,,0.9512107870909772,0.993993993993994,0.0639567168075896,0.0639567168075896,1.0,,0.6697204992975202
Autism,50,Autism__50__seg25,jitter,low,1,STRATUS-D,1.398724213756433,13.03273432376889,1.0,,,0.9512107870909772,0.993993993993994,0.0,0.0,1.0,,0.6484015936949904
Autism,50,Autism__50__seg25,jitter,low,1,Hybrid-P,7.769538624624235,24.375516010356748,1.0,,,0.6780414191180385,0.8618618618618619,-0.6164065454618854,0.0,1.0,,0.5133010936599668
Autism,50,Autism__50__seg25,jitter,low,1,STRATUS-H,6.51844634803255,23.201270686652293,1.0,,,0.7231750462439923,0.9129129129129128,-0.8377377791275955,0.0,1.0,,0.5453626530523018
Autism,50,Autism__50__seg25,spike,low,1,Pointwise-D,0.8562895439622606,10.89911069832294,1.0,,,0.9737553316148696,0.9941002949852508,0.7416985577111348,0.7416985577111348,1.0,,0.9031847281037516
Autism,50,Autism__50__seg25,spike,low,1,STRATUS-D,1.8238797900178685,18.285467670369027,1.0,,,0.9737851984861838,0.9941002949852508,0.0,0.0,1.0,,0.6559618311571449
Autism,50,Autism__50__seg25,spike,low,1,Hybrid-P,7.644881729695035,24.3609641692289,1.0,,,0.6957232498273407,0.8584070796460177,0.9755537956046284,0.9755537956046284,1.0,,0.8432280416926622
Autism,50,Autism__50__seg25,spike,low,1,STRATUS-H,6.683323251811011,24.047765530052985,1.0,,,0.7374352154680229,0.9085545722713864,0.7416985577111348,0.7416985577111348,1.0,,0.7958961151501814
Autism,50,Autism__50__seg25,mixed,low,1,Pointwise-D,5.947430156170129,37.59794212326161,0.9106699751861044,0.0,1.0,0.9922677368599132,0.9966442953020134,0.6868567471193804,0.6868567471193804,1.0,1.0,0.9351537558562614
Autism,50,Autism__50__seg25,mixed,low,1,STRATUS-D,7.543730893839127,45.10463209147389,0.9106699751861044,0.0,1.0,0.9315365954084018,0.9966442953020134,0.0,0.0,1.0,1.0,0.7856361781420831
Autism,50,Autism__50__seg25,mixed,low,1,Hybrid-P,13.112582608228976,45.347762675562905,0.9106699751861044,0.0,1.0,0.6931155811234344,0.8456375838926175,0.6414816169037757,0.6414816169037757,1.0,1.0,0.8360469563839654
Autism,50,Autism__50__seg25,mixed,low,1,STRATUS-H,12.031590668008803,44.86929898057584,0.9106699751861044,0.0,1.0,0.7348095355573742,0.8926174496644296,0.6414816169037757,0.6414816169037757,1.0,1.0,0.8537817204251159
Autism,50,Autism__50__seg25,short_gap,medium,1,Pointwise-D,6.574027884061457,34.24806514906536,1.0,,1.0,0.9287627760822864,0.9939024390243902,,,1.0,,0.9742217383688924
Autism,50,Autism__50__seg25,short_gap,medium,1,STRATUS-D,6.574027884061457,34.24806514906536,1.0,,1.0,0.9287627760822864,0.9939024390243902,,,1.0,,0.9742217383688924
Autism,50,Autism__50__seg25,short_gap,medium,1,Hybrid-P,13.119647677173058,40.32078753605133,1.0,,1.0,0.6529368368126368,0.8475609756097561,,,1.0,,0.8334992708074643
Autism,50,Autism__50__seg25,short_gap,medium,1,STRATUS-H,11.985618542034873,39.66030115521384,1.0,,1.0,0.6985097721886452,0.8902439024390244,,,1.0,,0.8629178915425565
Autism,50,Autism__50__seg25,long_gap,medium,1,Pointwise-D,1.0266672036906477,12.434778448108853,0.8312655086848635,0.0,,0.9474181449629432,0.99288256227758,,,1.0,1.0,0.9801002357468412
Autism,50,Autism__50__seg25,long_gap,medium,1,STRATUS-D,1.0266672036906477,12.434778448108853,0.8312655086848635,0.0,,0.9474181449629432,0.99288256227758,,,1.0,1.0,0.9801002357468412
Autism,50,Autism__50__seg25,long_gap,medium,1,Hybrid-P,8.52898256578789,26.33622252193905,0.8312655086848635,0.0,,0.6530302483573796,0.8576512455516014,,,1.0,1.0,0.8368938313029938
Autism,50,Autism__50__seg25,long_gap,medium,1,STRATUS-H,7.313784905643455,25.15532484722802,0.8312655086848635,0.0,,0.7016700558497734,0.896797153024911,,,1.0,1.0,0.8661557362915614
Autism,50,Autism__50__seg25,jitter,medium,1,Pointwise-D,1.9603441368610688,13.732784633777928,1.0,,,0.949312370532124,0.9939024390243902,0.023558315215247,0.023558315215247,1.0,,0.6555910415905871
Autism,50,Autism__50__seg25,jitter,medium,1,STRATUS-D,1.9796542814032136,13.756385990602755,1.0,,,0.949312370532124,0.9939024390243902,0.0,0.0,1.0,,0.6477382698521713
Autism,50,Autism__50__seg25,jitter,medium,1,Hybrid-P,7.965228173164683,24.411779105227275,1.0,,,0.6695095050089576,0.8658536585365854,0.1374112025912853,0.1374112025912853,1.0,,0.5575914553789428
Autism,50,Autism__50__seg25,jitter,medium,1,STRATUS-H,6.844582765010711,23.316320225462565,1.0,,,0.7124036268096561,0.9085365853658536,0.1673652919945473,0.1673652919945473,1.0,,0.5961018347233523
Autism,50,Autism__50__seg25,spike,medium,1,Pointwise-D,1.8897848715466223,21.113704269375383,1.0,,,1.0,0.9970149253731344,0.7600926487752402,0.7600926487752402,1.0,,0.9190358580494582
Autism,50,Autism__50__seg25,spike,medium,1,STRATUS-D,5.267952700387831,46.93394175087072,1.0,,,1.0,0.9970149253731344,0.3299375662487588,0.3299375662487588,1.0,,0.775650830540631
Autism,50,Autism__50__seg25,spike,medium,1,Hybrid-P,9.530919793153451,32.3074430140285,1.0,,,0.6488811404116771,0.8746268656716418,0.9060213070638612,0.9060213070638612,1.0,,0.8098431043823934
Autism,50,Autism__50__seg25,spike,medium,1,STRATUS-H,8.672833661647028,31.97987556871277,1.0,,,0.6949369540068729,0.9104477611940298,0.8738878177643906,0.8738878177643906,1.0,,0.8264241776550979
Autism,50,Autism__50__seg25,mixed,medium,1,Pointwise-D,35.03355054620954,168.85147939356236,0.8461538461538461,0.0,1.0,0.994577178896388,0.996138996138996,0.794166583387767,0.794166583387767,0.9824046920821116,1.0,0.9569765516846302
Autism,50,Autism__50__seg25,mixed,medium,1,STRATUS-D,35.03355054620954,168.85147939356236,0.8461538461538461,0.0,1.0,0.994577178896388,0.996138996138996,0.794166583387767,0.794166583387767,0.9824046920821116,1.0,0.9569765516846302
Autism,50,Autism__50__seg25,mixed,medium,1,Hybrid-P,40.5127827203936,170.34672733733012,0.8461538461538461,0.0,1.0,0.7077753518577768,0.8494208494208494,0.8670616680487986,0.8670616680487986,0.9824046920821116,1.0,0.884851573865485
Autism,50,Autism__50__seg25,mixed,medium,1,STRATUS-H,39.49814998555699,170.23917763595486,0.8461538461538461,0.0,1.0,0.7256654444998244,0.915057915057915,0.8734000380963709,0.8734000380963709,0.9824046920821116,1.0,0.902824679530822
Autism,50,Autism__50__seg25,short_gap,high,1,Pointwise-D,7.312294322550704,35.64599339613468,1.0,,1.0,0.949309980104904,0.9938271604938272,,,1.0,,0.9810457135329104
Autism,50,Autism__50__seg25,short_gap,high,1,STRATUS-D,7.312294322550704,35.64599339613468,1.0,,1.0,0.949309980104904,0.9938271604938272,,,1.0,,0.9810457135329104
Autism,50,Autism__50__seg25,short_gap,high,1,Hybrid-P,13.857914115662306,41.51472975065649,1.0,,1.0,0.6655138240869201,0.845679012345679,,,1.0,,0.8370642788108663
Autism,50,Autism__50__seg25,short_gap,high,1,STRATUS-H,12.72388498052412,40.87354115396545,1.0,,1.0,0.7124036268096561,0.8888888888888888,,,1.0,,0.8670975052328483
Autism,50,Autism__50__seg25,long_gap,high,1,Pointwise-D,1.088397193785971,12.8031523688084,0.7841191066997518,0.0,,0.944787724055952,0.9924242424242424,,,1.0,1.0,0.979070655493398
Autism,50,Autism__50__seg25,long_gap,high,1,STRATUS-D,1.088397193785971,12.8031523688084,0.7841191066997518,0.0,,0.944787724055952,0.9924242424242424,,,1.0,1.0,0.979070655493398
Autism,50,Autism__50__seg25,long_gap,high,1,Hybrid-P,8.774003626550826,27.03374371633048,0.7841191066997518,0.0,,0.6356729967318681,0.875,,,1.0,1.0,0.8368909989106227
Autism,50,Autism__50__seg25,long_gap,high,1,STRATUS-H,7.7535377955397395,25.900538417306024,0.7841191066997518,0.0,,0.6867460231825863,0.8901515151515151,,,1.0,1.0,0.8589658461113672
Autism,50,Autism__50__seg25,jitter,high,1,Pointwise-D,2.585052510927854,14.677888071534664,1.0,,,0.949312370532124,0.99375,0.0010423715963665,0.0010423715963665,1.0,,0.6480349140428302
Autism,50,Autism__50__seg25,jitter,high,1,STRATUS-D,2.586539516023416,14.6850935245011,1.0,,,0.949312370532124,0.99375,0.0,0.0,1.0,,0.6476874568440413
Autism,50,Autism__50__seg25,jitter,high,1,Hybrid-P,8.347342650427969,24.999679427819515,1.0,,,0.6695095050089576,0.875,0.0904889950989873,0.0904889950989873,1.0,,0.5449995000359816
Autism,50,Autism__50__seg25,jitter,high,1,STRATUS-H,7.386280916406475,24.016841327324677,1.0,,,0.7124036268096561,0.909375,0.0841014390019356,0.0841014390019356,1.0,,0.5686266886038639
Autism,50,Autism__50__seg25,spike,high,1,Pointwise-D,3.0918705543476723,31.10273643448679,1.0,,,0.9982842329794565,0.994011976047904,0.8350236832660146,0.8350236832660146,1.0,,0.9424399640977916
Autism,50,Autism__50__seg25,spike,high,1,STRATUS-D,5.114368324096169,42.97775108316069,1.0,,,0.9982842329794565,0.994011976047904,0.7257262291841702,0.7257262291841702,1.0,,0.9060074794038436
Autism,50,Autism__50__seg25,spike,high,1,Hybrid-P,8.784058423314004,26.89525302732178,1.0,,,0.6430366330691293,0.8652694610778443,0.9760429279625196,0.9760429279625196,1.0,,0.8281163407031643
Autism,50,Autism__50__seg25,spike,high,1,STRATUS-H,7.527540708107074,25.67507025141172,1.0,,,0.6989938949723444,0.8982035928143712,0.9760429279625196,0.9760429279625196,1.0,,0.8577468052497451
Autism,50,Autism__50__seg25,mixed,high,1,Pointwise-D,15.996826696530064,64.2213224485414,0.7965260545905707,0.0,1.0,0.9408832929339992,0.9912280701754386,0.6797185098257705,0.6797185098257705,1.0,1.0,0.9223659745870416
Autism,50,Autism__50__seg25,mixed,high,1,STRATUS-D,15.996826696530064,64.2213224485414,0.7965260545905707,0.0,1.0,0.9408832929339992,0.9912280701754386,0.6797185098257705,0.6797185098257705,1.0,1.0,0.9223659745870416
Autism,50,Autism__50__seg25,mixed,high,1,Hybrid-P,17.385372588243914,47.85828098553917,0.7965260545905707,0.0,1.0,0.674347765474048,0.8991228070175439,0.8778331516692972,0.8778331516692972,1.0,1.0,0.8902607448321778
Autism,50,Autism__50__seg25,mixed,high,1,STRATUS-H,16.66928046342316,47.352722836642464,0.7965260545905707,0.0,1.0,0.7411670863984883,0.8903508771929824,0.8736632841316323,0.8736632841316323,1.0,1.0,0.9010362495446206
Autism,52,Autism__52__seg26,short_gap,low,0,Pointwise-D,2.5487198628657293,12.770883335506833,1.0,,1.0,0.9149704835272022,0.9498525073746312,,,0.948019801980198,,0.9549409969672776
Autism,52,Autism__52__seg26,short_gap,low,0,STRATUS-D,2.1880240204402157,11.166661952043023,1.0,,1.0,0.950588019186016,0.9498525073746312,,,0.948019801980198,,0.9668135088535492
Autism,52,Autism__52__seg26,short_gap,low,0,Hybrid-P,9.951006022340222,21.906528026379192,1.0,,1.0,0.716350970945794,0.7315634218289085,,,0.948019801980198,,0.8159714642582342
Autism,52,Autism__52__seg26,short_gap,low,0,STRATUS-H,9.770722969343446,21.352943158751035,1.0,,1.0,0.6820786706878855,0.7522123893805309,,,0.948019801980198,,0.8114303533561388
Autism,52,Autism__52__seg26,long_gap,low,0,Pointwise-D,1.9990045916905577,11.092861533386536,0.9282178217821784,0.0,,0.908027044964094,0.946031746031746,,,0.944,1.0,0.9513529303319468
Autism,52,Autism__52__seg26,long_gap,low,0,STRATUS-D,1.6104149374508046,9.037741322453304,0.9282178217821784,0.0,,0.944088383716557,0.946031746031746,,,0.944,1.0,0.9633733765827678
Autism,52,Autism__52__seg26,long_gap,low,0,Hybrid-P,9.862699434162844,21.503991140945903,0.9282178217821784,0.0,,0.7069326853021042,0.7206349206349206,,,0.944,1.0,0.8091892019790082
Autism,52,Autism__52__seg26,long_gap,low,0,STRATUS-H,10.145311362889828,21.243134526032485,0.9282178217821784,0.0,,0.6799125916489468,0.726984126984127,,,0.944,1.0,0.8022989062110245
Autism,52,Autism__52__seg26,jitter,low,0,Pointwise-D,1.894944061217436,10.420320217959182,1.0,,,0.9094727597529288,0.9497041420118344,0.0,0.0,0.948019801980198,,0.6197256339215876
Autism,52,Autism__52__seg26,jitter,low,0,STRATUS-D,1.301510347504793,6.949713452183293,1.0,,,0.9573781564868874,0.9497041420118344,0.0,0.0,0.948019801980198,,0.6356940994995739
Autism,52,Autism__52__seg26,jitter,low,0,Hybrid-P,9.40908929467987,20.55924832498958,1.0,,,0.7231411082466654,0.7337278106508875,-5.743811594859715,0.0,0.948019801980198,,0.485622972965851
Autism,52,Autism__52__seg26,jitter,low,0,STRATUS-H,9.522863148685571,20.68056731807719,1.0,,,0.6911175713170324,0.7544378698224852,-5.743811594859715,0.0,0.948019801980198,,0.4818518137131725
Autism,52,Autism__52__seg26,spike,low,0,Pointwise-D,1.6787491884811068,9.433679462083797,1.0,,,0.9227039567313624,0.9557522123893806,0.9640339662075864,0.9640339662075864,0.948019801980198,,0.9474967117761098
Autism,52,Autism__52__seg26,spike,low,0,STRATUS-D,1.3180533460555932,7.1128887363307465,1.0,,,0.9580384640755516,0.9557522123893806,0.9640339662075864,0.9640339662075864,0.948019801980198,,0.9592748808908396
Autism,52,Autism__52__seg26,spike,low,0,Hybrid-P,9.59318154256968,20.69941161576008,1.0,,,0.7187852268752907,0.7227138643067846,0.9640339662075864,0.9640339662075864,0.948019801980198,,0.8018443524632205
Autism,52,Autism__52__seg26,spike,low,0,STRATUS-H,9.598391032342802,20.72420751491806,1.0,,,0.6870161591984529,0.7463126843657817,0.9640339662075864,0.9640339662075864,0.948019801980198,,0.799120936590607
Autism,52,Autism__52__seg26,mixed,low,0,Pointwise-D,2.514713346131308,10.744927910551471,0.905940594059406,0.0,1.0,0.9459889943583012,0.9452054794520548,0.8254624000291142,0.8254624000291142,0.9426229508196722,1.0,0.943331374767894
Autism,52,Autism__52__seg26,mixed,low,0,STRATUS-D,4.01837876703989,26.802185973212584,0.905940594059406,0.0,1.0,0.9469603919191248,0.9452054794520548,0.0,0.0,0.9426229508196722,1.0,0.7784331742742359
Autism,52,Autism__52__seg26,mixed,low,0,Hybrid-P,11.169581683788206,23.239421543301404,0.905940594059406,0.0,1.0,0.6946510237996757,0.726027397260274,0.7846159173669542,0.7846159173669542,0.9426229508196722,1.0,0.8410588676853807
Autism,52,Autism__52__seg26,mixed,low,0,STRATUS-H,10.421146194895233,22.136421114781708,0.905940594059406,0.0,1.0,0.6860425547048,0.7431506849315068,0.8254624000291142,0.8254624000291142,0.9426229508196722,1.0,0.8509311279330841
Autism,52,Autism__52__seg26,short_gap,medium,0,Pointwise-D,2.934447493526977,13.5209940596515,1.0,,1.0,0.91458956350052,0.9492537313432836,,,0.948019801980198,,0.9546144316146012
Autism,52,Autism__52__seg26,short_gap,medium,0,STRATUS-D,2.5737516511014635,12.01732742098718,1.0,,1.0,0.9502070991593335,0.9492537313432836,,,0.948019801980198,,0.9664869435008724
Autism,52,Autism__52__seg26,short_gap,medium,0,Hybrid-P,10.336733653001469,22.352131651422912,1.0,,1.0,0.7159700509191117,0.7283582089552239,,,0.948019801980198,,0.8147760866247785
Autism,52,Autism__52__seg26,short_gap,medium,0,STRATUS-H,10.156450600004694,21.80986017224452,1.0,,1.0,0.6815413042937606,0.7492537313432835,,,0.948019801980198,,0.8102650118790148
Autism,52,Autism__52__seg26,long_gap,medium,0,Pointwise-D,2.083059128901706,11.110158439765604,0.8762376237623762,0.0,,0.9052658041294104,0.9427609427609428,,,0.940677966101695,1.0,0.949342248963451
Autism,52,Autism__52__seg26,long_gap,medium,0,STRATUS-D,1.4058070940432106,7.391636918128151,0.8762376237623762,0.0,,0.9560100932637932,0.9427609427609428,,,0.940677966101695,1.0,0.9662570120082452
Autism,52,Autism__52__seg26,long_gap,medium,0,Hybrid-P,9.940813043677286,21.260330254415333,0.8762376237623762,0.0,,0.7133403345987406,0.7104377104377104,,,0.940677966101695,1.0,0.8079260150121503
Autism,52,Autism__52__seg26,long_gap,medium,0,STRATUS-H,10.23035176331874,21.515412516129857,0.8762376237623762,0.0,,0.6739708024927933,0.7306397306397306,,,0.940677966101695,1.0,0.8015368443775079
Autism,52,Autism__52__seg26,jitter,medium,0,Pointwise-D,1.9437265571838915,10.458713850177658,1.0,,,0.9087222355689818,0.9497041420118344,0.0,0.0,0.948019801980198,,0.6194754591936054
Autism,52,Autism__52__seg26,jitter,medium,0,STRATUS-D,1.350292843471249,7.007149136599455,1.0,,,0.9566276323029403,0.9497041420118344,0.0,0.0,0.948019801980198,,0.6354439247715916
Autism,52,Autism__52__seg26,jitter,medium,0,Hybrid-P,9.445796927260163,20.6250257467489,1.0,,,0.7223905840627185,0.7337278106508875,-3.276790846006736,0.0,0.948019801980198,,0.4853727982378686
Autism,52,Autism__52__seg26,jitter,medium,0,STRATUS-H,9.559570781265869,20.74596008776144,1.0,,,0.6903670471330854,0.7544378698224852,-3.276790846006736,0.0,0.948019801980198,,0.4816016389851902
Autism,52,Autism__52__seg26,spike,medium,0,Pointwise-D,1.9503873299596,13.703654988041905,1.0,,,0.9580384640755516,0.9495548961424332,0.8725708689261314,0.8725708689261314,0.948019801980198,,0.9267214097147054
Autism,52,Autism__52__seg26,spike,medium,0,STRATUS-D,1.9503873299596,13.703654988041905,1.0,,,0.9580384640755516,0.9495548961424332,0.8725708689261314,0.8725708689261314,0.948019801980198,,0.9267214097147054
Autism,52,Autism__52__seg26,spike,medium,0,Hybrid-P,9.77628566206313,20.831162759631123,1.0,,,0.7076345679768662,0.7210682492581603,0.9708750469349876,0.9708750469349876,0.948019801980198,,0.7998592880566714
Autism,52,Autism__52__seg26,spike,medium,0,STRATUS-H,9.605541928193896,20.67374519555941,1.0,,,0.6870161591984529,0.744807121661721,0.9708750469349876,0.9708750469349876,0.948019801980198,,0.8008994425983871
Autism,52,Autism__52__seg26,mixed,medium,0,Pointwise-D,4.383650681609073,20.929574004564188,0.8391089108910891,0.0,1.0,0.9063747659260324,0.946153846153846,0.9455222664999134,0.9455222664999134,0.9410029498525074,1.0,0.9596101757159584
Autism,52,Autism__52__seg26,mixed,medium,0,STRATUS-D,4.314684309927656,20.891018688162774,0.8391089108910891,0.0,1.0,0.9075264456428088,0.946153846153846,0.9455222664999134,0.9455222664999134,0.9410029498525074,1.0,0.9598405116593136
Autism,52,Autism__52__seg26,mixed,medium,0,Hybrid-P,11.72655492804652,27.953597708025505,0.8391089108910891,0.0,1.0,0.6996387539132102,0.7269230769230769,0.9476069359348338,0.9476069359348338,0.9410029498525074,1.0,0.8748337533542243
Autism,52,Autism__52__seg26,mixed,medium,0,STRATUS-H,11.053722265018086,26.805274914919032,0.8391089108910891,0.0,1.0,0.6879435757996736,0.7461538461538462,0.9455222664999134,0.9455222664999134,0.9410029498525074,1.0,0.8759239376906865
Autism,52,Autism__52__seg26,short_gap,high,0,Pointwise-D,3.8120901297648966,15.888253313025109,1.0,,1.0,0.9138318644849872,0.9486404833836858,,,0.948019801980198,,0.9541574492895576
Autism,52,Autism__52__seg26,short_gap,high,0,STRATUS-D,3.4513942873393826,14.629951172882723,1.0,,1.0,0.9494494001438007,0.9486404833836858,,,0.948019801980198,,0.9660299611758288
Autism,52,Autism__52__seg26,short_gap,high,0,Hybrid-P,11.310236387254127,23.93636401649983,1.0,,1.0,0.715212351903579,0.7220543806646526,,,0.948019801980198,,0.8124222441894106
Autism,52,Autism__52__seg26,short_gap,high,0,STRATUS-H,11.034093236242612,23.35143065661245,1.0,,1.0,0.6808635043973983,0.7462235649546828,,,0.948019801980198,,0.8090290231173604
Autism,52,Autism__52__seg26,long_gap,high,0,Pointwise-D,2.22780341882539,11.489678762159247,0.8193069306930693,0.0,,0.9052658041294104,0.9381818181818182,,,0.9365558912386708,1.0,0.9478158741037428
Autism,52,Autism__52__seg26,long_gap,high,0,STRATUS-D,1.5034915748981768,7.644133445643373,0.8193069306930693,0.0,,0.9560100932637932,0.9381818181818182,,,0.9365558912386708,1.0,0.9647306371485372
Autism,52,Autism__52__seg26,long_gap,high,0,Hybrid-P,10.833010905278252,22.183565467667908,0.8193069306930693,0.0,,0.7050647489524051,0.6872727272727273,,,0.9365558912386708,1.0,0.7974458254083775
Autism,52,Autism__52__seg26,long_gap,high,0,STRATUS-H,10.941222127537264,22.250373798529544,0.8193069306930693,0.0,,0.6739708024927933,0.7090909090909091,,,0.9365558912386708,1.0,0.7943539038612341
Autism,52,Autism__52__seg26,jitter,high,0,Pointwise-D,2.0174871703700674,10.507938965403747,1.0,,,0.9099290360624336,0.9495548961424332,0.0,0.0,0.948019801980198,,0.6198279774016222
Autism,52,Autism__52__seg26,jitter,high,0,STRATUS-D,1.4240534566574246,7.080411352689821,1.0,,,0.957834432796392,0.9495548961424332,0.0,0.0,0.948019801980198,,0.6357964429796085
Autism,52,Autism__52__seg26,jitter,high,0,Hybrid-P,9.354756696150924,20.435005417810583,1.0,,,0.7235973845561702,0.7329376854599406,-1.162168288003277,0.0,0.948019801980198,,0.4855116900053702
Autism,52,Autism__52__seg26,jitter,high,0,STRATUS-H,9.269747183414008,20.23188655555662,1.0,,,0.6915738476265371,0.7507418397626113,0.0,0.0,0.948019801980198,,0.4807718957963828
Autism,52,Autism__52__seg26,spike,high,0,Pointwise-D,5.077685302048495,45.71337339486013,1.0,,,0.9580384640755516,0.948948948948949,0.7960092574070252,0.7960092574070252,0.948019801980198,,0.9009988901438418
Autism,52,Autism__52__seg26,spike,high,0,STRATUS-D,5.077685302048495,45.71337339486013,1.0,,,0.9580384640755516,0.948948948948949,0.7960092574070252,0.7960092574070252,0.948019801980198,,0.9009988901438418
Autism,52,Autism__52__seg26,spike,high,0,Hybrid-P,10.41531802480266,21.361572201433297,1.0,,,0.6997956004457585,0.7057057057057057,0.9797392449016412,0.9797392449016412,0.948019801980198,,0.7950801836843685
Autism,52,Autism__52__seg26,spike,high,0,STRATUS-H,9.706899308064669,20.63357746959025,1.0,,,0.6939712062679503,0.7387387387387387,0.9797392449016412,0.9797392449016412,0.948019801980198,,0.8041497299694433
Autism,52,Autism__52__seg26,mixed,high,0,Pointwise-D,7.704736429888297,31.52835339881365,0.7896039603960396,0.0,1.0,0.9758091141781288,0.9322033898305084,0.9220039269930445,0.9220039269930445,0.9341692789968652,1.0,0.9660032862003364
Autism,52,Autism__52__seg26,mixed,high,0,STRATUS-D,7.704736429888297,31.52835339881365,0.7896039603960396,0.0,1.0,0.9758091141781288,0.9322033898305084,0.9220039269930445,0.9220039269930445,0.9341692789968652,1.0,0.9660032862003364
Autism,52,Autism__52__seg26,mixed,high,0,Hybrid-P,13.34235147651491,26.114511105437945,0.7896039603960396,0.0,1.0,0.6768118213556444,0.7372881355932204,0.9508314170781218,0.9508314170781218,0.9341692789968652,1.0,0.8729862748053975
Autism,52,Autism__52__seg26,mixed,high,0,STRATUS-H,12.095938129433968,24.380488459927605,0.7896039603960396,0.0,1.0,0.709740363263752,0.7627118644067796,0.9507924765569284,0.9507924765569284,0.9341692789968652,1.0,0.8846489408454922
Autism,52,Autism__52__seg26,short_gap,low,1,Pointwise-D,2.5791442569243728,11.62331815615814,1.0,,1.0,0.9105178083205872,0.9491017964071856,,,0.948019801980198,,0.9532065349092576
Autism,52,Autism__52__seg26,short_gap,low,1,STRATUS-D,1.9857105432117304,8.649680258941595,1.0,,1.0,0.9584488660049862,0.9491017964071856,,,0.948019801980198,,0.9691835541373908
Autism,52,Autism__52__seg26,short_gap,low,1,Hybrid-P,10.040787944891711,21.11406640225565,1.0,,1.0,0.7131831184095393,0.7275449101796407,,,0.948019801980198,,0.8135760095297266
Autism,52,Autism__52__seg26,short_gap,low,1,STRATUS-H,9.933133016113995,21.05287520725088,1.0,,1.0,0.691439798498986,0.7514970059880239,,,0.948019801980198,,0.8143122681623366
Autism,52,Autism__52__seg26,long_gap,low,1,Pointwise-D,2.025832229756056,10.956483563619424,0.900990099009901,0.0,,0.9054512684709748,0.9444444444444444,,,0.9423076923076924,1.0,0.9499652376384732
Autism,52,Autism__52__seg26,long_gap,low,1,STRATUS-D,1.3671860200310344,7.289396352066985,0.900990099009901,0.0,,0.956096213793063,0.9444444444444444,,,0.9423076923076924,1.0,0.9668468860791692
Autism,52,Autism__52__seg26,long_gap,low,1,Hybrid-P,9.645612638569965,20.94139685696458,0.900990099009901,0.0,,0.6985649951560977,0.7287581699346405,,,0.9423076923076924,1.0,0.8091077216969128
Autism,52,Autism__52__seg26,long_gap,low,1,STRATUS-H,9.142609752261388,20.453419428693188,0.900990099009901,0.0,,0.6965657099406525,0.7581699346405228,,,0.9423076923076924,1.0,0.8182452148603918
Autism,52,Autism__52__seg26,jitter,low,1,Pointwise-D,2.0634080205827816,10.564036458417272,1.0,,,0.9105178083205872,0.948948948948949,0.0,0.0,0.948019801980198,,0.6198222524231788
Autism,52,Autism__52__seg26,jitter,low,1,STRATUS-D,1.4699743068701392,7.163400722940039,1.0,,,0.9584488660049862,0.948948948948949,0.0,0.0,0.948019801980198,,0.6357992716513118
Autism,52,Autism__52__seg26,jitter,low,1,Hybrid-P,9.747720059427108,20.80867461844969,1.0,,,0.7193356479550215,0.7267267267267268,-1.0859865805943012,0.0,0.948019801980198,,0.4820207915605827
Autism,52,Autism__52__seg26,jitter,low,1,STRATUS-H,9.894308664419944,20.89091689636009,1.0,,,0.6936630415766853,0.7417417417417418,-1.2163627973461404,0.0,0.948019801980198,,0.4784682611061424
Autism,52,Autism__52__seg26,spike,low,1,Pointwise-D,1.714162407303378,9.665978343590838,1.0,,,0.9578625558890556,0.95,0.6795152073435533,0.6795152073435533,0.948019801980198,,0.8624592544108696
Autism,52,Autism__52__seg26,spike,low,1,STRATUS-D,2.5562865412576867,17.450281935291336,1.0,,,0.9588011131361636,0.95,0.0,0.0,0.948019801980198,,0.6362670377120545
Autism,52,Autism__52__seg26,spike,low,1,Hybrid-P,9.897871028494013,21.04475939324219,1.0,,,0.6998080011767828,0.7235294117647059,0.9153079420035152,0.9153079420035152,0.948019801980198,,0.7795484516483345
Autism,52,Autism__52__seg26,spike,low,1,STRATUS-H,9.831450399801517,21.661812424872284,1.0,,,0.6877825566679369,0.7529411764705882,0.6795152073435533,0.6795152073435533,0.948019801980198,,0.7067463134940262
Autism,52,Autism__52__seg26,mixed,low,1,Pointwise-D,4.297420414781668,23.89757113261605,0.9108910891089108,0.0,1.0,0.9049819255370668,0.9423728813559322,0.4910101471762761,0.4910101471762761,0.9429347826086956,1.0,0.867672990813855
Autism,52,Autism__52__seg26,mixed,low,1,STRATUS-D,4.503319069480504,27.526662104632557,0.9108910891089108,0.0,1.0,0.9486419844690156,0.9423728813559322,0.0,0.0,0.9429347826086956,1.0,0.7782029731649895
Autism,52,Autism__52__seg26,mixed,low,1,Hybrid-P,11.836805589393371,28.42874080346234,0.9108910891089108,0.0,1.0,0.6176127083515568,0.7084745762711865,0.8371942993142347,0.8371942993142347,0.9429347826086956,1.0,0.8326563167873957
Autism,52,Autism__52__seg26,mixed,low,1,STRATUS-H,11.161155085484824,28.151101623467184,0.9108910891089108,0.0,1.0,0.6041621505206474,0.7491525423728813,0.8509309037533707,0.8509309037533707,0.9429347826086956,1.0,0.8408491193293799
Autism,52,Autism__52__seg26,short_gap,medium,1,Pointwise-D,3.2167145661775205,12.984158737640689,1.0,,1.0,0.9105178083205872,0.9480122324159022,,,0.948019801980198,,0.9528433469121632
Autism,52,Autism__52__seg26,short_gap,medium,1,STRATUS-D,2.6232808524648776,10.406912210012129,1.0,,1.0,0.9584488660049862,0.9480122324159022,,,0.948019801980198,,0.9688203661402962
Autism,52,Autism__52__seg26,short_gap,medium,1,Hybrid-P,10.7475595897983,22.059456731576635,1.0,,1.0,0.7060700093760609,0.72782874617737,,,0.948019801980198,,0.8112995851844769
Autism,52,Autism__52__seg26,short_gap,medium,1,STRATUS-H,10.499955432046152,21.84238624314608,1.0,,1.0,0.6921434818524549,0.7522935779816514,,,0.948019801980198,,0.8148123532780355
Autism,52,Autism__52__seg26,long_gap,medium,1,Pointwise-D,2.05698366455743,10.074878779874558,0.8316831683168316,0.0,,0.9110793786914174,0.9411764705882352,,,0.9375,1.0,0.950751949759884
Autism,52,Autism__52__seg26,long_gap,medium,1,STRATUS-D,1.4897458669383827,7.59098310818696,0.8316831683168316,0.0,,0.9451988343602256,0.9411764705882352,,,0.9375,1.0,0.9621251016494872
Autism,52,Autism__52__seg26,long_gap,medium,1,Hybrid-P,8.439132468436728,18.81028430786331,0.8316831683168316,0.0,,0.7308544441521098,0.7439446366782007,,,0.9375,1.0,0.8249330269434368
Autism,52,Autism__52__seg26,long_gap,medium,1,STRATUS-H,7.786943954534213,17.840190857320582,0.8316831683168316,0.0,,0.7478977663381563,0.7716262975778547,,,0.9375,1.0,0.8398413546386703
Autism,52,Autism__52__seg26,jitter,medium,1,Pointwise-D,2.642900142517565,11.44276508260274,1.0,,,0.9105178083205872,0.9478527607361964,0.0,0.0,0.948019801980198,,0.6194568563522612
Autism,52,Autism__52__seg26,jitter,medium,1,STRATUS-D,2.049466428804923,8.405493225164186,1.0,,,0.9584488660049862,0.9478527607361964,0.0,0.0,0.948019801980198,,0.6354338755803942
Autism,52,Autism__52__seg26,jitter,medium,1,Hybrid-P,10.141192237013415,21.10874945919576,1.0,,,0.7187338370488898,0.7300613496932515,-0.247731544430612,0.0,0.948019801980198,,0.4829317289140471
Autism,52,Autism__52__seg26,jitter,medium,1,STRATUS-H,10.103962828751047,21.0957296951441,1.0,,,0.6930612306705538,0.7515337423312883,-0.2454329343537009,0.0,0.948019801980198,,0.4815316576672807
Autism,52,Autism__52__seg26,spike,medium,1,Pointwise-D,3.8865364981584816,30.964329131188418,1.0,,,0.9672085893327774,0.9525222551928784,0.6391417034525135,0.6391417034525135,0.9504950495049505,,0.8529575159927232
Autism,52,Autism__52__seg26,spike,medium,1,STRATUS-D,5.213388516007187,40.9239365497652,1.0,,,0.9672085893327774,0.9525222551928784,0.4697693020095617,0.4697693020095617,0.9504950495049505,,0.7965000488450725
Autism,52,Autism__52__seg26,spike,medium,1,Hybrid-P,9.821552901432044,21.101625648870023,1.0,,,0.7172827153592463,0.7240356083086054,0.9553562905724426,0.9553562905724426,0.948019801980198,,0.798891538080098
Autism,52,Autism__52__seg26,spike,medium,1,STRATUS-H,9.170670800120318,20.454710676613963,1.0,,,0.6999351100190745,0.7626112759643917,0.9553562905724426,0.9553562905724426,0.948019801980198,,0.8059675588519696
Autism,52,Autism__52__seg26,mixed,medium,1,Pointwise-D,38.304642079125344,164.00733659408309,0.8465346534653465,0.0,1.0,0.9443396974073324,0.9375,0.6427956412246718,0.6427956412246718,0.9005847953216375,1.0,0.9049270677264007
Autism,52,Autism__52__seg26,mixed,medium,1,STRATUS-D,39.95196276056759,166.77803294732126,0.8465346534653465,0.0,1.0,0.9443396974073324,0.94140625,0.5444141050357927,0.5444141050357927,0.9005847953216375,1.0,0.886032010488625
Autism,52,Autism__52__seg26,mixed,medium,1,Hybrid-P,43.88118123991257,161.5495830692822,0.8465346534653465,0.0,1.0,0.6278540980127957,0.69921875,0.8343946227513589,0.8343946227513589,0.9005847953216375,1.0,0.8322934941528309
Autism,52,Autism__52__seg26,mixed,medium,1,STRATUS-H,42.76341673644125,161.44435393787597,0.8465346534653465,0.0,1.0,0.6306449035999957,0.75,0.831233289458539,0.831233289458539,0.9005847953216375,1.0,0.842375638611707
Autism,52,Autism__52__seg26,short_gap,high,1,Pointwise-D,3.0806181319262214,12.007825402998805,1.0,,1.0,0.9097915185276942,0.9473684210526316,,,0.948019801980198,,0.9523866465267752
Autism,52,Autism__52__seg26,short_gap,high,1,STRATUS-D,2.4871844182135785,9.15987524650592,1.0,,1.0,0.9581116127042196,0.9473684210526316,,,0.948019801980198,,0.9684933445856172
Autism,52,Autism__52__seg26,short_gap,high,1,Hybrid-P,10.610468322234752,21.504458105966474,1.0,,1.0,0.6970133798270693,0.7275541795665634,,,0.948019801980198,,0.8081891864645443
Autism,52,Autism__52__seg26,short_gap,high,1,STRATUS-H,10.167634488779992,21.07807805010908,1.0,,1.0,0.6948106400084032,0.7523219814241486,,,0.948019801980198,,0.8157108738108505
Autism,52,Autism__52__seg26,long_gap,high,1,Pointwise-D,2.217476048445396,10.652287734806936,0.7846534653465347,0.0,,0.9215877902397052,0.9377289377289376,,,0.9337539432176656,1.0,0.9531055759895478
Autism,52,Autism__52__seg26,long_gap,high,1,STRATUS-D,1.8471110642182664,9.157381052864295,0.7846534653465347,0.0,,0.93979171718052,0.9377289377289376,,,0.9337539432176656,1.0,0.959173551636486
Autism,52,Autism__52__seg26,long_gap,high,1,Hybrid-P,9.062608031895932,19.842759752188595,0.7846534653465347,0.0,,0.7307134177619484,0.7326007326007326,,,0.9337539432176656,1.0,0.8211047167875604
Autism,52,Autism__52__seg26,long_gap,high,1,STRATUS-H,8.253669301966863,18.367054040780197,0.7846534653465347,0.0,,0.7372312344161124,0.7582417582417582,,,0.9337539432176656,1.0,0.8318243308859569
Autism,52,Autism__52__seg26,jitter,high,1,Pointwise-D,3.2482831859629653,12.54134395920576,1.0,,,0.9097915185276942,0.9467084639498432,0.0,0.0,0.948019801980198,,0.6188333274925125
Autism,52,Autism__52__seg26,jitter,high,1,STRATUS-D,2.6548494722503237,9.848895974968732,1.0,,,0.9581116127042196,0.9467084639498432,0.0,0.0,0.948019801980198,,0.6349400255513543
Autism,52,Autism__52__seg26,jitter,high,1,Hybrid-P,10.454711215955376,21.463828792661133,1.0,,,0.7128113822274352,0.7304075235109718,-0.0013386534115362,0.0,0.948019801980198,,0.481072968579469
Autism,52,Autism__52__seg26,jitter,high,1,STRATUS-H,10.044818928346585,21.061426670439804,1.0,,,0.6948106400084032,0.7617554858934169,0.0677592135951384,0.0677592135951384,0.948019801980198,,0.5081084464989862
Autism,52,Autism__52__seg26,spike,high,1,Pointwise-D,3.4345777503890407,26.062421348013064,1.0,,,0.9654759205441612,0.9491017964071856,0.8781950241783021,0.8781950241783021,0.948019801980198,,0.9309242470432162
Autism,52,Autism__52__seg26,spike,high,1,STRATUS-D,5.220290194349326,37.48287919433867,1.0,,,0.9654759205441612,0.9491017964071856,0.7814541876413686,0.7814541876413686,0.948019801980198,,0.8986773015309052
Autism,52,Autism__52__seg26,spike,high,1,Hybrid-P,10.157234344392547,21.272001880485792,1.0,,,0.7112950977845178,0.7155688622754491,0.980011177669164,0.980011177669164,0.948019801980198,,0.802291712576377
Autism,52,Autism__52__seg26,spike,high,1,STRATUS-H,9.167234923168245,20.31170267166636,1.0,,,0.7060824706620433,0.7604790419161677,0.980011177669164,0.980011177669164,0.948019801980198,,0.8155242300824583
Autism,52,Autism__52__seg26,mixed,high,1,Pointwise-D,12.473981758160162,57.25666422469252,0.7970297029702971,0.0,1.0,0.9408742237449266,0.920704845814978,0.6220113643063416,0.6220113643063416,0.9347826086956522,1.0,0.8967180867732492
Autism,52,Autism__52__seg26,mixed,high,1,STRATUS-D,12.473981758160162,57.25666422469252,0.7970297029702971,0.0,1.0,0.9408742237449266,0.920704845814978,0.6220113643063416,0.6220113643063416,0.9347826086956522,1.0,0.8967180867732492
Autism,52,Autism__52__seg26,mixed,high,1,Hybrid-P,13.271906322610793,23.744307716606027,0.7970297029702971,0.0,1.0,0.6530229341912817,0.6828193832599119,0.9290525741713798,0.9290525741713798,0.9347826086956522,1.0,0.8529789783245146
Autism,52,Autism__52__seg26,mixed,high,1,STRATUS-H,12.180223416794233,23.019310008967395,0.7970297029702971,0.0,1.0,0.6446846420956026,0.73568281938326,0.921674519524299,0.921674519524299,0.9347826086956522,1.0,0.8604083962006325
Autism,53,Autism__53__seg27,short_gap,low,0,Pointwise-D,2.2414727002934685,18.62164357436493,1.0,,1.0,0.9585608842735064,1.0,,,1.0,,0.986186961424502
Autism,53,Autism__53__seg27,short_gap,low,0,STRATUS-D,1.8239144529642204,17.525433193012418,1.0,,1.0,1.0,1.0,,,1.0,,1.0
Autism,53,Autism__53__seg27,short_gap,low,0,Hybrid-P,3.285462296471381,19.01137779509133,1.0,,1.0,0.8861209196991993,0.9149560117302052,,,1.0,,0.9336923104764682
Autism,53,Autism__53__seg27,short_gap,low,0,STRATUS-H,3.083155042309224,19.13693166565074,1.0,,1.0,0.8732009550523504,0.9648093841642228,,,1.0,,0.9460034464055244
Autism,53,Autism__53__seg27,long_gap,low,0,Pointwise-D,0.4498494184560431,6.53369105001861,0.9282178217821784,0.0,,0.9585608842735064,1.0,,,1.0,1.0,0.986186961424502
Autism,53,Autism__53__seg27,long_gap,low,0,STRATUS-D,0.0,0.0,0.9282178217821784,0.0,,1.0,1.0,,,1.0,1.0,1.0
Autism,53,Autism__53__seg27,long_gap,low,0,Hybrid-P,1.5605326100717145,7.643055408387401,0.9282178217821784,0.0,,0.8861209196991993,0.9116719242902208,,,1.0,1.0,0.93259761466314
Autism,53,Autism__53__seg27,long_gap,low,0,STRATUS-H,1.3566218615876835,7.978113957422931,0.9282178217821784,0.0,,0.8732009550523504,0.9621451104100948,,,1.0,1.0,0.9451153551541482
Autism,53,Autism__53__seg27,jitter,low,0,Pointwise-D,0.5906953510591022,6.611971350739921,1.0,,,0.9438814780388474,1.0,-0.1350916888013424,0.0,1.0,,0.6479604926796158
Autism,53,Autism__53__seg27,jitter,low,0,STRATUS-D,0.0696892799520793,0.6512592422194324,1.0,,,1.0,1.0,0.0,0.0,1.0,,0.6666666666666666
Autism,53,Autism__53__seg27,jitter,low,0,Hybrid-P,1.5872243576778744,7.505104755607516,1.0,,,0.8861209196991993,0.9176470588235294,-0.9904091078632484,0.0,1.0,,0.6012559928409096
Autism,53,Autism__53__seg27,jitter,low,0,STRATUS-H,1.3289298692970828,7.713979749365479,1.0,,,0.8732009550523504,0.9647058823529412,0.0,0.0,1.0,,0.6126356124684306
Autism,53,Autism__53__seg27,spike,low,0,Pointwise-D,0.4514908101342137,6.304268043169144,1.0,,,0.9625212889714084,1.0,0.994004614089536,0.994004614089536,1.0,,0.985508634353648
Autism,53,Autism__53__seg27,spike,low,0,STRATUS-D,0.0339325628049657,0.3449561597916687,1.0,,,1.0,1.0,0.994004614089536,0.994004614089536,1.0,,0.9980015380298454
Autism,53,Autism__53__seg27,spike,low,0,Hybrid-P,1.550634517685373,7.552048115266277,1.0,,,0.8871415690214246,0.9233038348082596,0.994004614089536,0.994004614089536,1.0,,0.93481667263974
Autism,53,Autism__53__seg27,spike,low,0,STRATUS-H,1.1806577549662511,7.56201207049629,1.0,,,0.8976887599069112,0.9734513274336284,0.994004614089536,0.994004614089536,1.0,,0.9550482338100252
Autism,53,Autism__53__seg27,mixed,low,0,Pointwise-D,2.249253989709364,18.476953888292503,0.905940594059406,0.0,1.0,1.0,1.0,0.8757384294123676,0.8757384294123676,1.0,1.0,0.9751476858824736
Autism,53,Autism__53__seg27,mixed,low,0,STRATUS-D,3.912271731500144,30.831828312044557,0.905940594059406,0.0,1.0,1.0,1.0,0.0,0.0,1.0,1.0,0.8
Autism,53,Autism__53__seg27,mixed,low,0,Hybrid-P,3.819581455674432,20.063565113031,0.905940594059406,0.0,1.0,0.8850327263626349,0.9233333333333332,0.8575027223900114,0.8575027223900114,1.0,1.0,0.933173756417196
Autism,53,Autism__53__seg27,mixed,low,0,STRATUS-H,3.8410977803615314,20.295759018931307,0.905940594059406,0.0,1.0,0.8439517663943752,0.9533333333333334,0.857519116119387,0.857519116119387,1.0,1.0,0.9309608431694192
Autism,53,Autism__53__seg27,short_gap,medium,0,Pointwise-D,2.243670442001393,14.687230700595366,1.0,,1.0,0.9585608842735064,1.0,,,1.0,,0.986186961424502
Autism,53,Autism__53__seg27,short_gap,medium,0,STRATUS-D,1.8261121946721453,13.26988865230472,1.0,,1.0,1.0,1.0,,,1.0,,1.0
Autism,53,Autism__53__seg27,short_gap,medium,0,Hybrid-P,3.2938533290099903,15.180986162362531,1.0,,1.0,0.8861209196991993,0.913946587537092,,,1.0,,0.9333558357454304
Autism,53,Autism__53__seg27,short_gap,medium,0,STRATUS-H,3.0853527840171484,15.335295556904342,1.0,,1.0,0.8732009550523504,0.9643916913946587,,,1.0,,0.9458642154823363
Autism,53,Autism__53__seg27,long_gap,medium,0,Pointwise-D,0.4765354009068254,6.724695092411544,0.8762376237623762,0.0,,0.9554366495805484,1.0,,,1.0,1.0,0.9851455498601828
Autism,53,Autism__53__seg27,long_gap,medium,0,STRATUS-D,0.0,0.0,0.8762376237623762,0.0,,1.0,1.0,,,1.0,1.0,1.0
Autism,53,Autism__53__seg27,long_gap,medium,0,Hybrid-P,1.6531065784657992,7.866490288925717,0.8762376237623762,0.0,,0.8775351917646032,0.9066666666666666,,,1.0,1.0,0.9280672861437568
Autism,53,Autism__53__seg27,long_gap,medium,0,STRATUS-H,1.43709942964797,8.211343843083798,0.8762376237623762,0.0,,0.8636411474089136,0.96,,,1.0,1.0,0.9412137158029712
Autism,53,Autism__53__seg27,jitter,medium,0,Pointwise-D,0.6444943891461088,6.683284679527047,1.0,,,0.9438814780388474,1.0,-0.1218094734272439,0.0,1.0,,0.6479604926796158
Autism,53,Autism__53__seg27,jitter,medium,0,STRATUS-D,0.1184717759185346,1.107140711773033,1.0,,,1.0,1.0,0.0,0.0,1.0,,0.6666666666666666
Autism,53,Autism__53__seg27,jitter,medium,0,Hybrid-P,1.627378385213291,7.548824339364988,1.0,,,0.8861209196991993,0.9176470588235294,-0.5097621664375194,0.0,1.0,,0.6012559928409096
Autism,53,Autism__53__seg27,jitter,medium,0,STRATUS-H,1.377712365263538,7.765764967387938,1.0,,,0.8732009550523504,0.9647058823529412,0.0,0.0,1.0,,0.6126356124684306
Autism,53,Autism__53__seg27,spike,medium,0,Pointwise-D,1.8356505533385152,20.853096083528143,1.0,,,1.0,0.9970326409495548,0.6768457285388356,0.6768457285388356,1.0,,0.8912927898294635
Autism,53,Autism__53__seg27,spike,medium,0,STRATUS-D,5.649333304067285,50.8826408123085,1.0,,,1.0,0.9970326409495548,0.0,0.0,1.0,,0.6656775469831849
Autism,53,Autism__53__seg27,spike,medium,0,Hybrid-P,2.590828269734457,16.247522261666468,1.0,,,0.8253196205453492,0.9109792284866468,0.986281984182322,0.986281984182322,1.0,,0.9075269444047728
Autism,53,Autism__53__seg27,spike,medium,0,STRATUS-H,2.2355254427718214,16.27165418378351,1.0,,,0.8404543350677184,0.9673590504451038,0.986281984182322,0.986281984182322,1.0,,0.9313651232317148
Autism,53,Autism__53__seg27,mixed,medium,0,Pointwise-D,2.895119805979926,14.841477835865929,0.8391089108910891,0.0,1.0,0.9994719461570548,1.0,0.9706120672996912,0.9706120672996912,1.0,1.0,0.9940168026913492
Autism,53,Autism__53__seg27,mixed,medium,0,STRATUS-D,2.895119805979926,14.841477835865929,0.8391089108910891,0.0,1.0,0.9994719461570548,1.0,0.9706120672996912,0.9706120672996912,1.0,1.0,0.9940168026913492
Autism,53,Autism__53__seg27,mixed,medium,0,Hybrid-P,5.502976825187028,22.22752143861619,0.8391089108910891,0.0,1.0,0.8063016582807648,0.9163498098859316,0.9672936320429528,0.9672936320429528,1.0,1.0,0.93798902004193
Autism,53,Autism__53__seg27,mixed,medium,0,STRATUS-H,5.467227806753466,22.08367869870785,0.8391089108910891,0.0,1.0,0.7447459188535679,0.935361216730038,0.9682408249199256,0.9682408249199256,1.0,1.0,0.9296695921007064
Autism,53,Autism__53__seg27,short_gap,high,0,Pointwise-D,3.322168877339478,19.95264091219677,1.0,,1.0,0.9585608842735064,1.0,,,1.0,,0.986186961424502
Autism,53,Autism__53__seg27,short_gap,high,0,STRATUS-D,2.9046106300102297,18.93364937256215,1.0,,1.0,1.0,1.0,,,1.0,,1.0
Autism,53,Autism__53__seg27,short_gap,high,0,Hybrid-P,4.372351764348075,20.31884530627664,1.0,,1.0,0.8861209196991993,0.9129129129129128,,,1.0,,0.9330112775373708
Autism,53,Autism__53__seg27,short_gap,high,0,STRATUS-H,4.163851219355233,20.43439315311731,1.0,,1.0,0.8732009550523504,0.963963963963964,,,1.0,,0.9457216396721048
Autism,53,Autism__53__seg27,long_gap,high,0,Pointwise-D,0.5096481326918918,6.954409048635271,0.8193069306930693,0.0,,0.9504510746643364,1.0,,,1.0,1.0,0.9834836915547788
Autism,53,Autism__53__seg27,long_gap,high,0,STRATUS-D,0.0,0.0,0.8193069306930693,0.0,,1.0,1.0,,,1.0,1.0,1.0
Autism,53,Autism__53__seg27,long_gap,high,0,Hybrid-P,1.7951228578457823,8.272886126879973,0.8193069306930693,0.0,,0.8783226620430874,0.9045936395759716,,,1.0,1.0,0.927638767206353
Autism,53,Autism__53__seg27,long_gap,high,0,STRATUS-H,1.7187348361830883,8.843992576001263,0.8193069306930693,0.0,,0.8380674817332641,0.9540636042402828,,,1.0,1.0,0.9307103619911824
Autism,53,Autism__53__seg27,jitter,high,0,Pointwise-D,0.713750417120475,6.758821574052261,1.0,,,0.9438814780388474,1.0,-0.0516374970682578,0.0,1.0,,0.6479604926796158
Autism,53,Autism__53__seg27,jitter,high,0,STRATUS-D,0.1922323891047094,1.5026132091851492,1.0,,,1.0,1.0,0.0,0.0,1.0,,0.6666666666666666
Autism,53,Autism__53__seg27,jitter,high,0,Hybrid-P,1.6301933304189546,7.594623729314251,1.0,,,0.8861209196991993,0.9233038348082596,-0.1363584849454766,0.0,1.0,,0.6031415848358196
Autism,53,Autism__53__seg27,jitter,high,0,STRATUS-H,1.4776854957854804,7.927382568208401,1.0,,,0.8732009550523504,0.9646017699115044,-0.1363584849454766,0.0,1.0,,0.6126009083212849
Autism,53,Autism__53__seg27,spike,high,0,Pointwise-D,2.2995862748831057,32.62185873378709,1.0,,,0.9276532971499216,0.9970149253731344,0.8823244282465729,0.8823244282465729,1.0,,0.9356642169232096
Autism,53,Autism__53__seg27,spike,high,0,STRATUS-D,3.8213420033455416,45.19240696008281,1.0,,,0.9276532971499216,0.9970149253731344,0.8042872134668696,0.8042872134668696,1.0,,0.9096518119966418
Autism,53,Autism__53__seg27,spike,high,0,Hybrid-P,1.82135126609118,8.037480996759323,1.0,,,0.8953453335390816,0.9194029850746268,0.99036007537385,0.99036007537385,1.0,,0.9350361313291864
Autism,53,Autism__53__seg27,spike,high,0,STRATUS-H,1.3422054445456804,7.726249450082549,1.0,,,0.8910742400407734,0.9731343283582088,0.99036007537385,0.99036007537385,1.0,,0.9515228812576108
Autism,53,Autism__53__seg27,mixed,high,0,Pointwise-D,5.470834951348365,22.58542678307261,0.7896039603960396,0.0,1.0,0.9978114463338836,1.0,0.9616395093653008,0.9616395093653008,1.0,1.0,0.9918901911398368
Autism,53,Autism__53__seg27,mixed,high,0,STRATUS-D,6.928851635659639,34.47497721853729,0.7896039603960396,0.0,1.0,0.9978114463338836,1.0,0.9304331164472348,0.9304331164472348,1.0,1.0,0.9856489125562238
Autism,53,Autism__53__seg27,mixed,high,0,Hybrid-P,7.618654001280996,26.38437912348301,0.7896039603960396,0.0,1.0,0.8668467206731316,0.9404255319148936,0.9633239042142812,0.9633239042142812,1.0,1.0,0.9541192313604612
Autism,53,Autism__53__seg27,mixed,high,0,STRATUS-H,6.607653435389119,23.94001968628174,0.7896039603960396,0.0,1.0,0.8935580734518958,0.9744680851063828,0.9643571868940484,0.9643571868940484,1.0,1.0,0.9664766690904656
Autism,53,Autism__53__seg27,short_gap,low,1,Pointwise-D,0.491421799391214,6.315847812181166,1.0,,1.0,0.9625212889714084,1.0,,,1.0,,0.9875070963238028
Autism,53,Autism__53__seg27,short_gap,low,1,STRATUS-D,0.073863552061966,0.5149104569613221,1.0,,1.0,1.0,1.0,,,1.0,,1.0
Autism,53,Autism__53__seg27,short_gap,low,1,Hybrid-P,1.539638956238463,7.3911527220902595,1.0,,1.0,0.894904948787108,0.915915915915916,,,1.0,,0.9369402882343412
Autism,53,Autism__53__seg27,short_gap,low,1,STRATUS-H,1.3331041414069695,7.703666513533187,1.0,,1.0,0.8853193490985604,0.963963963963964,,,1.0,,0.9497611043541748
Autism,53,Autism__53__seg27,long_gap,low,1,Pointwise-D,0.4634437690137807,6.631679615535144,0.900990099009901,0.0,,0.9612293916779246,1.0,,,1.0,1.0,0.9870764638926416
Autism,53,Autism__53__seg27,long_gap,low,1,STRATUS-D,0.0,0.0,0.900990099009901,0.0,,1.0,1.0,,,1.0,1.0,1.0
Autism,53,Autism__53__seg27,long_gap,low,1,Hybrid-P,1.4769170136134762,7.6606555458433405,0.900990099009901,0.0,,0.9002284326762527,0.922077922077922,,,1.0,1.0,0.9407687849180584
Autism,53,Autism__53__seg27,long_gap,low,1,STRATUS-H,1.3976186760862124,8.097765152471872,0.900990099009901,0.0,,0.8813662883222311,0.961038961038961,,,1.0,1.0,0.9474684164537308
Autism,53,Autism__53__seg27,jitter,low,1,Pointwise-D,0.7521327391915009,6.829298328626318,1.0,,,0.9491285114792264,1.0,0.0,0.0,1.0,,0.6497095038264088
Autism,53,Autism__53__seg27,jitter,low,1,STRATUS-D,0.2381532393174252,1.854705219310252,1.0,,,1.0,1.0,0.0,0.0,1.0,,0.6666666666666666
Autism,53,Autism__53__seg27,jitter,low,1,Hybrid-P,1.61135375508011,7.450501538309487,1.0,,,0.894904948787108,0.9186746987951808,0.2843970824320364,0.2843970824320364,1.0,,0.6993255766714417
Autism,53,Autism__53__seg27,jitter,low,1,STRATUS-H,1.4973938286624286,7.90703967509846,1.0,,,0.8853193490985604,0.963855421686747,0.0,0.0,1.0,,0.616391590261769
Autism,53,Autism__53__seg27,spike,low,1,Pointwise-D,0.6866428241965673,9.319812983088,1.0,,,0.9968859978841652,1.0,0.7342595385136366,0.7342595385136366,1.0,,0.910381845465934
Autism,53,Autism__53__seg27,spike,low,1,STRATUS-D,1.3244654737049724,16.019923881038693,1.0,,,0.9825683067051264,1.0,0.0,0.0,1.0,,0.6608561022350421
Autism,53,Autism__53__seg27,spike,low,1,Hybrid-P,2.1520445122317304,11.3179348355136,1.0,,,0.8695550212288186,0.9181286549707602,0.8937115298560456,0.8937115298560456,1.0,,0.8937984020185414
Autism,53,Autism__53__seg27,spike,low,1,STRATUS-H,2.165830616938119,13.00863362153187,1.0,,,0.8721111639025332,0.9619883040935672,0.6199769516718774,0.6199769516718774,1.0,,0.8180254732226593
Autism,53,Autism__53__seg27,mixed,low,1,Pointwise-D,0.6850686190499828,6.988723119486719,0.9108910891089108,0.0,1.0,1.0,0.9965277777777778,0.7429895065018629,0.7429895065018629,1.0,1.0,0.947903456855928
Autism,53,Autism__53__seg27,mixed,low,1,STRATUS-D,2.407133346370112,25.997371951091697,0.9108910891089108,0.0,1.0,1.0,0.9965277777777778,0.0,0.0,1.0,1.0,0.7993055555555555
Autism,53,Autism__53__seg27,mixed,low,1,Hybrid-P,2.0097587022406063,8.247710706354459,0.9108910891089108,0.0,1.0,0.8888851895719052,0.9201388888888888,0.8829168298070855,0.8829168298070855,1.0,1.0,0.9383881816535758
Autism,53,Autism__53__seg27,mixed,low,1,STRATUS-H,1.7453575165102124,8.282168630872915,0.9108910891089108,0.0,1.0,0.8830392366983364,0.9618055555555556,0.8933181384881925,0.8933181384881925,1.0,1.0,0.9476325861484168
Autism,53,Autism__53__seg27,short_gap,medium,1,Pointwise-D,0.5849233069606807,6.36163756355971,1.0,,1.0,0.9625212889714084,1.0,,,1.0,,0.9875070963238028
Autism,53,Autism__53__seg27,short_gap,medium,1,STRATUS-D,0.1673650596314327,0.91958234114647,1.0,,1.0,1.0,1.0,,,1.0,,1.0
Autism,53,Autism__53__seg27,short_gap,medium,1,Hybrid-P,1.6471626847787793,7.453311798932405,1.0,,1.0,0.894904948787108,0.9141104294478528,,,1.0,,0.9363384594116536
Autism,53,Autism__53__seg27,short_gap,medium,1,STRATUS-H,1.426605648976436,7.74125162071308,1.0,,1.0,0.8853193490985604,0.9631901840490796,,,1.0,,0.94950317771588
Autism,53,Autism__53__seg27,long_gap,medium,1,Pointwise-D,0.5020640830982624,6.902470987506072,0.8316831683168316,0.0,,0.9612293916779246,1.0,,,1.0,1.0,0.9870764638926416
Autism,53,Autism__53__seg27,long_gap,medium,1,STRATUS-D,0.0,0.0,0.8316831683168316,0.0,,1.0,1.0,,,1.0,1.0,1.0
Autism,53,Autism__53__seg27,long_gap,medium,1,Hybrid-P,1.6420863801757295,8.016509283949603,0.8316831683168316,0.0,,0.9002284326762527,0.9142857142857144,,,1.0,1.0,0.9381713823206556
Autism,53,Autism__53__seg27,long_gap,medium,1,STRATUS-H,1.5140868990933969,8.428421194781192,0.8316831683168316,0.0,,0.8813662883222311,0.9571428571428572,,,1.0,1.0,0.9461697151550292
Autism,53,Autism__53__seg27,jitter,medium,1,Pointwise-D,1.133745805840569,7.5344850397956975,1.0,,,0.9624049826271944,1.0,0.1270057642949006,0.1270057642949006,1.0,,0.6964702489740316
Autism,53,Autism__53__seg27,jitter,medium,1,STRATUS-D,0.8176453612522092,4.772623795293307,1.0,,,1.0,1.0,0.0,0.0,1.0,,0.6666666666666666
Autism,53,Autism__53__seg27,jitter,medium,1,Hybrid-P,1.7970871969664035,7.596315384723229,1.0,,,0.894904948787108,0.9230769230769232,0.5312486298459989,0.5312486298459989,1.0,,0.7830768339033435
Autism,53,Autism__53__seg27,jitter,medium,1,STRATUS-H,1.518969055764264,7.775079182699104,1.0,,,0.8981367291618438,0.9723076923076924,0.5548095586727054,0.5548095586727054,1.0,,0.8084179933807473
Autism,53,Autism__53__seg27,spike,medium,1,Pointwise-D,0.8501049158722092,10.305009271466869,1.0,,,0.9916698174041596,0.9970326409495548,0.8922207241006519,0.8922207241006519,1.0,,0.9603077274847888
Autism,53,Autism__53__seg27,spike,medium,1,STRATUS-D,3.1842808209355686,36.12972764120005,1.0,,,0.861246233119425,0.9970326409495548,0.5942636248064513,0.5942636248064513,1.0,,0.8175141662918105
Autism,53,Autism__53__seg27,spike,medium,1,Hybrid-P,1.872071598024458,8.14106001757768,1.0,,,0.866650271060498,0.913946587537092,0.97848942321266,0.97848942321266,1.0,,0.9196954272700834
Autism,53,Autism__53__seg27,spike,medium,1,STRATUS-H,1.906012675023824,10.116701823648327,1.0,,,0.8630527619382689,0.9554896142433236,0.9425100798087772,0.9425100798087772,1.0,,0.9203508186634564
Autism,53,Autism__53__seg27,mixed,medium,1,Pointwise-D,36.4843224958663,163.0132464780741,0.8465346534653465,0.0,1.0,0.9732472131321168,1.0,0.6417926729443246,0.6417926729443246,0.9766081871345028,1.0,0.9230079772152884
Autism,53,Autism__53__seg27,mixed,medium,1,STRATUS-D,35.66085546287883,162.25948837927922,0.8465346534653465,0.0,1.0,0.9732472131321168,1.0,0.6909301186516167,0.6909301186516167,0.9766081871345028,1.0,0.9328354663567466
Autism,53,Autism__53__seg27,mixed,medium,1,Hybrid-P,34.31076432095117,159.3288507063593,0.8465346534653465,0.0,1.0,0.9045755263278922,0.9325396825396826,0.832735903117957,0.832735903117957,0.9766081871345028,1.0,0.9339702223971064
Autism,53,Autism__53__seg27,mixed,medium,1,STRATUS-H,33.71057623046271,159.28116690492797,0.8465346534653465,0.0,1.0,0.9159253658158112,0.984126984126984,0.8450177922202163,0.8450177922202163,0.9766081871345028,1.0,0.9490140284326024
Autism,53,Autism__53__seg27,short_gap,high,1,Pointwise-D,0.9597387200159242,6.735517088110483,1.0,,1.0,0.9625212889714084,1.0,,,1.0,,0.9875070963238028
Autism,53,Autism__53__seg27,short_gap,high,1,STRATUS-D,0.5421804726866762,2.39632836570509,1.0,,1.0,1.0,1.0,,,1.0,,1.0
Autism,53,Autism__53__seg27,short_gap,high,1,Hybrid-P,2.0418103338581868,7.84390308926432,1.0,,1.0,0.8892506209032588,0.9190031152647976,,,1.0,,0.9360845787226854
Autism,53,Autism__53__seg27,short_gap,high,1,STRATUS-H,1.8014210620316795,8.051318811805139,1.0,,1.0,0.8853193490985604,0.9626168224299064,,,1.0,,0.9493120571761556
Autism,53,Autism__53__seg27,long_gap,high,1,Pointwise-D,0.5321562521167703,7.106317340232884,0.7846534653465347,0.0,,0.9608096408115429,1.0,,,1.0,1.0,0.9869365469371808
Autism,53,Autism__53__seg27,long_gap,high,1,STRATUS-D,0.0,0.0,0.7846534653465347,0.0,,1.0,1.0,,,1.0,1.0,1.0
Autism,53,Autism__53__seg27,long_gap,high,1,Hybrid-P,1.662733369330934,8.194965829012038,0.7846534653465347,0.0,,0.8991482535499279,0.9163498098859316,,,1.0,1.0,0.93849935447862
Autism,53,Autism__53__seg27,long_gap,high,1,STRATUS-H,1.4476872901125208,8.510070435673613,0.7846534653465347,0.0,,0.8934846460110919,0.9695817490494296,,,1.0,1.0,0.954355465020174
Autism,53,Autism__53__seg27,jitter,high,1,Pointwise-D,1.7081892852986649,8.76554210270349,1.0,,,0.9621911992709772,1.0,0.0947171803249861,0.0947171803249861,1.0,,0.6856361265319878
Autism,53,Autism__53__seg27,jitter,high,1,STRATUS-D,1.423028404697609,7.009020863064552,1.0,,,1.0,1.0,0.0,0.0,1.0,,0.6666666666666666
Autism,53,Autism__53__seg27,jitter,high,1,Hybrid-P,2.136214045644365,8.063241782298805,1.0,,,0.8951400923351602,0.9371069182389936,0.4578119905614223,0.4578119905614223,1.0,,0.7633530003785255
Autism,53,Autism__53__seg27,jitter,high,1,STRATUS-H,1.9314851953245915,8.142098302196205,1.0,,,0.888860280223762,0.9654088050314464,0.5238252180084682,0.5238252180084682,1.0,,0.7926981010878923
Autism,53,Autism__53__seg27,spike,high,1,Pointwise-D,2.1286087111555787,24.98149832438981,1.0,,,1.0,0.996996996996997,0.8852658702685243,0.8852658702685243,1.0,,0.9607542890885072
Autism,53,Autism__53__seg27,spike,high,1,STRATUS-D,3.945262721505256,36.76849012748498,1.0,,,1.0,0.996996996996997,0.7868487767136163,0.7868487767136163,1.0,,0.9279485912368712
Autism,53,Autism__53__seg27,spike,high,1,Hybrid-P,2.093313782667679,8.739080054878155,1.0,,,0.8598262328593987,0.9129129129129128,0.9893300395612068,0.9893300395612068,1.0,,0.9206897284445064
Autism,53,Autism__53__seg27,spike,high,1,STRATUS-H,2.0100244295507226,9.005763898657694,1.0,,,0.8365007856868568,0.9429429429429428,0.9893300395612068,0.9893300395612068,1.0,,0.9229245893970024
Autism,53,Autism__53__seg27,mixed,high,1,Pointwise-D,9.770524402391942,56.265076896892495,0.7970297029702971,0.0,1.0,1.0,0.9910714285714286,0.630878172807471,0.630878172807471,1.0,1.0,0.92438992027578
Autism,53,Autism__53__seg27,mixed,high,1,STRATUS-D,9.770524402391942,56.265076896892495,0.7970297029702971,0.0,1.0,1.0,0.9910714285714286,0.630878172807471,0.630878172807471,1.0,1.0,0.92438992027578
Autism,53,Autism__53__seg27,mixed,high,1,Hybrid-P,4.853164351134342,15.68731781182317,0.7970297029702971,0.0,1.0,0.8159109098816965,0.9464285714285714,0.927804455347512,0.927804455347512,1.0,1.0,0.938028787331556
Autism,53,Autism__53__seg27,mixed,high,1,STRATUS-H,4.345917971280178,14.627342882971323,0.7970297029702971,0.0,1.0,0.8133949835453922,0.9464285714285714,0.939981256234327,0.939981256234327,1.0,1.0,0.939960962241658
Autism,58,Autism__58__seg32,short_gap,low,0,Pointwise-D,1.1165209234870896,15.099734153900982,1.0,,1.0,0.9492852638335302,0.9975186104218362,,,1.0,,0.982267958085122
Autism,58,Autism__58__seg32,short_gap,low,0,STRATUS-D,1.1129056428218091,15.09962310624614,1.0,,1.0,0.9492840105681084,0.9975186104218362,,,1.0,,0.9822675403299816
Autism,58,Autism__58__seg32,short_gap,low,0,Hybrid-P,2.07119883329665,16.439162675909927,1.0,,1.0,0.8680867997824496,0.9702233250620348,,,1.0,,0.9461033749481614
Autism,58,Autism__58__seg32,short_gap,low,0,STRATUS-H,1.305528870793242,14.909516085686048,1.0,,1.0,0.9343400944048168,0.9925558312655088,,,1.0,,0.9756319752234418
Autism,58,Autism__58__seg32,long_gap,low,0,Pointwise-D,1.1875788798433973,15.680320773344096,0.9272349272349272,0.0,,0.9482989001199696,0.9973474801061007,,,1.0,1.0,0.9818821267420234
Autism,58,Autism__58__seg32,long_gap,low,0,STRATUS-D,1.183679888812007,15.680205445554718,0.9272349272349272,0.0,,0.9482976224794722,0.9973474801061007,,,1.0,1.0,0.9818817008618576
Autism,58,Autism__58__seg32,long_gap,low,0,Hybrid-P,2.2326483624228284,17.074497196039115,0.9272349272349272,0.0,,0.8655211866319213,0.9655172413793104,,,1.0,1.0,0.943679476003744
Autism,58,Autism__58__seg32,long_gap,low,0,STRATUS-H,1.391419289382095,15.482770974770729,0.9272349272349272,0.0,,0.9330630583160886,0.9920424403183024,,,1.0,1.0,0.9750351662114636
Autism,58,Autism__58__seg32,jitter,low,0,Pointwise-D,1.1657483045519257,15.109101782244784,1.0,,,0.9492852638335302,0.9975124378109452,0.0,0.0,1.0,,0.6489325672148252
Autism,58,Autism__58__seg32,jitter,low,0,STRATUS-D,1.1621330238866452,15.108990803439887,1.0,,,0.9492840105681084,0.9975124378109452,0.0,0.0,1.0,,0.6489321494596846
Autism,58,Autism__58__seg32,jitter,low,0,Hybrid-P,2.090748079940248,16.44252879358848,1.0,,,0.8680867997824496,0.9701492537313432,0.459529878143098,0.459529878143098,1.0,,0.7659219772189636
Autism,58,Autism__58__seg32,jitter,low,0,STRATUS-H,1.3547562518580782,14.919003152257853,1.0,,,0.9343400944048168,0.9925373134328358,0.0,0.0,1.0,,0.6422924692792176
Autism,58,Autism__58__seg32,spike,low,0,Pointwise-D,1.7574837928016365,23.70383427560686,1.0,,,0.9884339341177634,1.0,0.5260311452821487,0.5260311452821487,1.0,,0.8381550264666373
Autism,58,Autism__58__seg32,spike,low,0,STRATUS-D,2.1602720175656924,26.104687406806715,1.0,,,0.9630936375064684,1.0,0.3632258072243899,0.3632258072243899,1.0,,0.775439814910286
Autism,58,Autism__58__seg32,spike,low,0,Hybrid-P,2.506733869776117,20.5113693118241,1.0,,,0.8814489111028933,0.9679802955665024,0.7156560169659507,0.7156560169659507,1.0,,0.8550284078784488
Autism,58,Autism__58__seg32,spike,low,0,STRATUS-H,2.5464344650751443,20.81381603471444,1.0,,,0.8972814056623291,0.9802955665024632,0.6494682971446003,0.6494682971446003,1.0,,0.8423484231031307
Autism,58,Autism__58__seg32,mixed,low,0,Pointwise-D,1.6448237057744917,17.723142238562136,0.9043659043659044,0.0,1.0,0.9971897238299624,1.0,0.6206070117885534,0.6206070117885534,1.0,1.0,0.9235593471237032
Autism,58,Autism__58__seg32,mixed,low,0,STRATUS-D,1.640826119567595,17.72303762367912,0.9043659043659044,0.0,1.0,0.9971882167872724,1.0,0.6206070117885534,0.6206070117885534,1.0,1.0,0.9235590457151652
Autism,58,Autism__58__seg32,mixed,low,0,Hybrid-P,2.454467529607453,17.311078840605973,0.9043659043659044,0.0,1.0,0.8413753218694607,0.9656160458452722,0.9358722933396558,0.9358722933396558,1.0,1.0,0.9485727322108778
Autism,58,Autism__58__seg32,mixed,low,0,STRATUS-H,1.659744582152186,15.725706902192217,0.9043659043659044,0.0,1.0,0.9210444339615692,0.991404011461318,0.9165665060512608,0.9165665060512608,1.0,1.0,0.9658029902948296
Autism,58,Autism__58__seg32,short_gap,medium,0,Pointwise-D,1.1285220316473503,15.100539708308958,1.0,,1.0,0.9492852638335302,0.9974937343358397,,,1.0,,0.9822596660564566
Autism,58,Autism__58__seg32,short_gap,medium,0,STRATUS-D,1.12490675098207,15.100428666578116,1.0,,1.0,0.9492840105681084,0.9974937343358397,,,1.0,,0.982259248301316
Autism,58,Autism__58__seg32,short_gap,medium,0,Hybrid-P,2.083199941456911,16.43990259851809,1.0,,1.0,0.8680867997824496,0.9699248120300752,,,1.0,,0.946003870604175
Autism,58,Autism__58__seg32,short_gap,medium,0,STRATUS-H,1.317529978953503,14.910331916931383,1.0,,1.0,0.9343400944048168,0.9924812030075189,,,1.0,,0.9756070991374453
Autism,58,Autism__58__seg32,long_gap,medium,0,Pointwise-D,1.2581001909979932,16.13917475907105,0.8752598752598753,0.0,,0.9474932373725028,0.9971988795518208,,,1.0,1.0,0.9815640389747744
Autism,58,Autism__58__seg32,long_gap,medium,0,STRATUS-D,1.2539696684326724,16.13905605643899,0.8752598752598753,0.0,,0.9474919398224224,0.9971988795518208,,,1.0,1.0,0.981563606458081
Autism,58,Autism__58__seg32,long_gap,medium,0,Hybrid-P,2.3783915290839004,17.576171797721848,0.8752598752598753,0.0,,0.8634255915574337,0.9607843137254902,,,1.0,1.0,0.9414033017609746
Autism,58,Autism__58__seg32,long_gap,medium,0,STRATUS-H,1.4740451379202242,15.935844051180506,0.8752598752598753,0.0,,0.932019974117315,0.9915966386554622,,,1.0,1.0,0.9745388709242592
Autism,58,Autism__58__seg32,jitter,medium,0,Pointwise-D,1.261353839291352,15.164610653910469,1.0,,,0.9492852638335302,0.9975062344139652,0.0,0.0,1.0,,0.6489304994158318
Autism,58,Autism__58__seg32,jitter,medium,0,STRATUS-D,1.2577385586260714,15.164500081337774,1.0,,,0.9492840105681084,0.9975062344139652,0.0,0.0,1.0,,0.6489300816606912
Autism,58,Autism__58__seg32,jitter,medium,0,Hybrid-P,2.160054163521452,16.479992753700703,1.0,,,0.8680867997824496,0.970074812967581,0.349446638870222,0.349446638870222,1.0,,0.7292027505400842
Autism,58,Autism__58__seg32,jitter,medium,0,STRATUS-H,1.3492748107995003,14.91655316050354,1.0,,,0.9343400944048168,0.9900249376558604,0.6441778083649428,0.6441778083649428,1.0,,0.8561809468085398
Autism,58,Autism__58__seg32,spike,medium,0,Pointwise-D,0.4692573849969439,8.759187874493966,1.0,,,0.993712638044083,0.9975062344139652,0.965554847163982,0.965554847163982,1.0,,0.9855912398740102
Autism,58,Autism__58__seg32,spike,medium,0,STRATUS-D,1.6714601264975495,27.81884755866589,1.0,,,0.993712638044083,0.9975062344139652,0.8758759579507543,0.8758759579507543,1.0,,0.9556982768029342
Autism,58,Autism__58__seg32,spike,medium,0,Hybrid-P,2.376885907648932,18.15741869957089,1.0,,,0.8911039431637632,0.9625935162094764,0.965554847163982,0.965554847163982,1.0,,0.9397507688457404
Autism,58,Autism__58__seg32,spike,medium,0,STRATUS-H,1.9260210925579813,17.344123423521868,1.0,,,0.927006959654576,0.9825436408977556,0.965554847163982,0.965554847163982,1.0,,0.9583684825721044
Autism,58,Autism__58__seg32,mixed,medium,0,Pointwise-D,4.483654173758063,33.06724665394165,0.8378378378378378,0.0,1.0,0.9961039892964504,0.9968051118210862,0.6551760344889005,0.6551760344889005,1.0,1.0,0.9296170271212876
Autism,58,Autism__58__seg32,mixed,medium,0,STRATUS-D,5.949202219284323,46.70025601264576,0.8378378378378378,0.0,1.0,0.9961039892964504,0.9968051118210862,0.5416238741992563,0.5416238741992563,1.0,1.0,0.9069065950633586
Autism,58,Autism__58__seg32,mixed,medium,0,Hybrid-P,5.495151328773066,27.791921310466154,0.8378378378378378,0.0,1.0,0.7760838973587241,0.9712460063897764,0.7638154822371584,0.7638154822371584,1.0,1.0,0.902229077197132
Autism,58,Autism__58__seg32,mixed,medium,0,STRATUS-H,4.586509316842346,26.748563308895957,0.8378378378378378,0.0,1.0,0.8850169399246591,0.9904153354632588,0.7664742503271762,0.7664742503271762,1.0,1.0,0.9283813051430188
Autism,58,Autism__58__seg32,short_gap,high,0,Pointwise-D,1.2414993552418725,15.12691898266946,1.0,,1.0,0.9492852638335302,0.9974619289340102,,,1.0,,0.9822490642558468
Autism,58,Autism__58__seg32,short_gap,high,0,STRATUS-D,1.237884074576592,15.126808134581603,1.0,,1.0,0.9492840105681084,0.9974619289340102,,,1.0,,0.9822486465007062
Autism,58,Autism__58__seg32,short_gap,high,0,Hybrid-P,2.2120350533592443,16.46780898238285,1.0,,1.0,0.8680867997824496,0.967005076142132,,,1.0,,0.9450306253081938
Autism,58,Autism__58__seg32,short_gap,high,0,STRATUS-H,1.4305073025480248,14.937047107748334,1.0,,1.0,0.9343400944048168,0.9923857868020304,,,1.0,,0.9755752937356158
Autism,58,Autism__58__seg32,long_gap,high,0,Pointwise-D,1.0791777421577542,15.84927367709249,0.8191268191268192,0.0,,0.967155942240309,1.0,,,1.0,1.0,0.9890519807467696
Autism,58,Autism__58__seg32,long_gap,high,0,STRATUS-D,1.0775415746450638,15.84924040249216,0.8191268191268192,0.0,,0.9671620950526436,1.0,,,1.0,1.0,0.9890540316842146
Autism,58,Autism__58__seg32,long_gap,high,0,Hybrid-P,2.509797601595314,18.163004743942743,0.8191268191268192,0.0,,0.8617772851293797,0.963963963963964,,,1.0,1.0,0.9419137496977812
Autism,58,Autism__58__seg32,long_gap,high,0,STRATUS-H,1.5750583834122192,16.472822093824824,0.8191268191268192,0.0,,0.9311995282159232,0.990990990990991,,,1.0,1.0,0.9740635064023048
Autism,58,Autism__58__seg32,jitter,high,0,Pointwise-D,1.3367370030814807,15.240470433095512,1.0,,,0.9492852638335302,0.9975062344139652,0.0,0.0,1.0,,0.6489304994158318
Autism,58,Autism__58__seg32,jitter,high,0,STRATUS-D,1.3331217224161998,15.240360410904234,1.0,,,0.9492840105681084,0.9975062344139652,0.0,0.0,1.0,,0.6489300816606912
Autism,58,Autism__58__seg32,jitter,high,0,Hybrid-P,2.156735202429005,16.464174925999547,1.0,,,0.8680867997824496,0.970074812967581,0.5717126368937994,0.5717126368937994,1.0,,0.8032914165479433
Autism,58,Autism__58__seg32,jitter,high,0,STRATUS-H,1.3945992238025997,14.937291041130443,1.0,,,0.9343400944048168,0.9900249376558604,0.5717126368937994,0.5717126368937994,1.0,,0.8320258896514922
Autism,58,Autism__58__seg32,spike,high,0,Pointwise-D,4.862554224941061,55.14150433079256,1.0,,,0.940333908654024,0.9974811083123426,0.7873335262653416,0.7873335262653416,1.0,,0.9083828477439028
Autism,58,Autism__58__seg32,spike,high,0,STRATUS-D,6.239469433040629,64.0441948099893,1.0,,,0.9600695625616262,0.9974811083123426,0.7207891424161,0.7207891424161,1.0,,0.8927799377633563
Autism,58,Autism__58__seg32,spike,high,0,Hybrid-P,2.481684089312005,18.63634282843228,1.0,,,0.8287205871161805,0.9672544080604534,0.9784135705310524,0.9784135705310524,1.0,,0.9247961885692288
Autism,58,Autism__58__seg32,spike,high,0,STRATUS-H,2.4165692739015583,18.602466006571436,1.0,,,0.8369982669402377,0.9773299748110832,0.9784135705310524,0.9784135705310524,1.0,,0.9309139374274578
Autism,58,Autism__58__seg32,mixed,high,0,Pointwise-D,4.151878687092072,25.311543655514065,0.7900207900207901,0.0,1.0,0.9888882125051962,1.0,0.9062504172458556,0.9062504172458556,1.0,1.0,0.9790277259502104
Autism,58,Autism__58__seg32,mixed,high,0,STRATUS-D,5.010239814603097,31.08749645140268,0.7900207900207901,0.0,1.0,0.9109368227000264,1.0,0.8813404979687169,0.8813404979687169,1.0,1.0,0.9584554641337488
Autism,58,Autism__58__seg32,mixed,high,0,Hybrid-P,4.188696075368221,19.6728537545764,0.7900207900207901,0.0,1.0,0.7935403360209115,0.9563636363636364,0.9646505807473316,0.9646505807473316,1.0,1.0,0.942910910626376
Autism,58,Autism__58__seg32,mixed,high,0,STRATUS-H,3.1176923505136784,17.85312471001092,0.7900207900207901,0.0,1.0,0.8700878740074884,0.9854545454545456,0.9702905093995632,0.9702905093995632,1.0,1.0,0.9651665857723192
Autism,58,Autism__58__seg32,short_gap,low,1,Pointwise-D,5.531857147454897,35.33998924263824,1.0,,1.0,0.9440274959179756,0.9975062344139652,,,1.0,,0.9805112434439804
Autism,58,Autism__58__seg32,short_gap,low,1,STRATUS-D,5.5282418667896165,35.339941795396115,1.0,,1.0,0.9440261127222968,0.9975062344139652,,,1.0,,0.980510782378754
Autism,58,Autism__58__seg32,short_gap,low,1,Hybrid-P,6.486535057264457,35.9327001161384,1.0,,1.0,0.8544109129659371,0.970074812967581,,,1.0,,0.9414952419778394
Autism,58,Autism__58__seg32,short_gap,low,1,STRATUS-H,5.7208650947610495,35.25913410820852,1.0,,1.0,0.92753291031845,0.9925187032418952,,,1.0,,0.9733505378534484
Autism,58,Autism__58__seg32,long_gap,low,1,Pointwise-D,1.2204151622353805,15.89562129672888,0.9022869022869024,0.0,,0.9363331763246304,0.9973190348525468,,,1.0,1.0,0.9778840703923924
Autism,58,Autism__58__seg32,long_gap,low,1,STRATUS-D,1.2164083650003574,15.89550438541747,0.9022869022869024,0.0,,0.9363316029864914,0.9973190348525468,,,1.0,1.0,0.9778835459463462
Autism,58,Autism__58__seg32,long_gap,low,1,Hybrid-P,2.2994177689973703,17.308506195587768,0.9022869022869024,0.0,,0.8343973548213544,0.9624664879356568,,,1.0,1.0,0.9322879475856704
Autism,58,Autism__58__seg32,long_gap,low,1,STRATUS-H,1.429891712129987,15.695359016973386,0.9022869022869024,0.0,,0.9175711450346892,0.9919571045576407,,,1.0,1.0,0.96984274986411
Autism,58,Autism__58__seg32,jitter,low,1,Pointwise-D,1.3622316321805912,15.23311442057818,1.0,,,0.9440274959179756,0.9975,0.0,0.0,1.0,,0.6471758319726586
Autism,58,Autism__58__seg32,jitter,low,1,STRATUS-D,1.3586163515153105,15.233004345257225,1.0,,,0.9440261127222968,0.9975,0.0,0.0,1.0,,0.6471753709074323
Autism,58,Autism__58__seg32,jitter,low,1,Hybrid-P,2.315015501900626,16.561479449866308,1.0,,,0.8544109129659371,0.97,0.0072549957438399,0.0072549957438399,1.0,,0.610555302903259
Autism,58,Autism__58__seg32,jitter,low,1,STRATUS-H,1.4913812415915746,14.985741255304754,1.0,,,0.92753291031845,0.9925,0.2292834185846667,0.2292834185846667,1.0,,0.7164387763010388
Autism,58,Autism__58__seg32,spike,low,1,Pointwise-D,1.323315565148148,15.776851375509144,1.0,,,0.9847008750086284,0.9975308641975308,0.7772486433489328,0.7772486433489328,1.0,,0.9198267941850308
Autism,58,Autism__58__seg32,spike,low,1,STRATUS-D,3.8944986403991897,43.936479314585576,1.0,,,0.9847008750086284,0.9975308641975308,0.0,0.0,1.0,,0.6607439130687197
Autism,58,Autism__58__seg32,spike,low,1,Hybrid-P,2.2779305284185387,16.549163186204037,1.0,,,0.8702179696380656,0.9555555555555556,0.9587752501275592,0.9587752501275592,1.0,,0.9281829251070602
Autism,58,Autism__58__seg32,spike,low,1,STRATUS-H,1.907878876058834,17.103530034108694,1.0,,,0.9515644909357236,0.982716049382716,0.8306094963177754,0.8306094963177754,1.0,,0.9216300122120716
Autism,58,Autism__58__seg32,mixed,low,1,Pointwise-D,6.6256486992971535,38.45743696733898,0.9106029106029108,0.0,1.0,0.9954994564054864,1.0,0.767823650804865,0.767823650804865,1.0,1.0,0.9526646214420704
Autism,58,Autism__58__seg32,mixed,low,1,STRATUS-D,6.645178806066845,38.648603277059244,0.9106029106029108,0.0,1.0,0.9992861949615393,1.0,0.6300643465098281,0.6300643465098281,1.0,1.0,0.9258701082942734
Autism,58,Autism__58__seg32,mixed,low,1,Hybrid-P,7.144661029478752,37.83577388788792,0.9106029106029108,0.0,1.0,0.8430650958597858,0.977715877437326,0.9031659807703764,0.9031659807703764,1.0,1.0,0.9447893908134976
Autism,58,Autism__58__seg32,mixed,low,1,STRATUS-H,6.407943036309257,37.155150234770055,0.9106029106029108,0.0,1.0,0.9470378803925888,0.9972144846796658,0.8887553764225639,0.8887553764225639,1.0,1.0,0.9666015482989636
Autism,58,Autism__58__seg32,short_gap,medium,1,Pointwise-D,7.898443565214764,41.77375217650322,1.0,,1.0,0.936554831024803,0.9974554707379136,,,1.0,,0.9780034339209056
Autism,58,Autism__58__seg32,short_gap,medium,1,STRATUS-D,7.894828284549484,41.77371203683133,1.0,,1.0,0.936553447829124,0.9974554707379136,,,1.0,,0.9780029728556792
Autism,58,Autism__58__seg32,short_gap,medium,1,Hybrid-P,9.08676491255212,42.54026511733301,1.0,,1.0,0.8220726368309481,0.9669211195928752,,,1.0,,0.9296645854746078
Autism,58,Autism__58__seg32,short_gap,medium,1,STRATUS-H,8.028101503987811,41.53761886081011,1.0,,1.0,0.92753291031845,0.9923664122137404,,,1.0,,0.9732997741773968
Autism,58,Autism__58__seg32,long_gap,medium,1,Pointwise-D,1.062990076025388,15.729954988810562,0.8316008316008316,0.0,,0.9551685714557046,1.0,,,1.0,1.0,0.9850561904852349
Autism,58,Autism__58__seg32,long_gap,medium,1,STRATUS-D,1.061378451025388,15.729921964712668,0.8316008316008316,0.0,,0.9551769699114782,1.0,,,1.0,1.0,0.9850589899704928
Autism,58,Autism__58__seg32,long_gap,medium,1,Hybrid-P,2.465014574570244,18.025702506434996,0.8316008316008316,0.0,,0.811328983456914,0.967930029154519,,,1.0,1.0,0.9264196708704776
Autism,58,Autism__58__seg32,long_gap,medium,1,STRATUS-H,1.551432507661036,16.348809122342253,0.8316008316008316,0.0,,0.9060888439190632,0.9912536443148688,,,1.0,1.0,0.9657808294113108
Autism,58,Autism__58__seg32,jitter,medium,1,Pointwise-D,1.8530375820163436,15.743403897204145,1.0,,,0.9417402833417036,0.9974489795918368,0.0,0.0,1.0,,0.6463964209778467
Autism,58,Autism__58__seg32,jitter,medium,1,STRATUS-D,1.849422301351063,15.743297389768802,1.0,,,0.9417389001460243,0.9974489795918368,0.0,0.0,1.0,,0.6463959599126204
Autism,58,Autism__58__seg32,jitter,medium,1,Hybrid-P,2.518263169437142,16.637536969087584,1.0,,,0.8521237003896647,0.9770408163265306,0.3524522349472636,0.3524522349472636,1.0,,0.7272055838878195
Autism,58,Autism__58__seg32,jitter,medium,1,STRATUS-H,1.7770462221372547,15.132069191964604,1.0,,,0.9252456977421776,0.9923469387755102,0.3524522349472636,0.3524522349472636,1.0,,0.7566816238216504
Autism,58,Autism__58__seg32,spike,medium,1,Pointwise-D,0.7152289376905092,9.433003590545312,1.0,,,0.9912286168983276,0.9950248756218906,0.8837244404503031,0.8837244404503031,1.0,,0.9566593109901737
Autism,58,Autism__58__seg32,spike,medium,1,STRATUS-D,4.597152733371147,53.635893026721256,1.0,,,0.8954487564655393,0.9950248756218906,0.2242454840560552,0.2242454840560552,1.0,,0.7049063720478284
Autism,58,Autism__58__seg32,spike,medium,1,Hybrid-P,3.026750233250433,19.50955127038767,1.0,,,0.8411981596690633,0.9552238805970148,0.9816129631041548,0.9816129631041548,1.0,,0.9260116677900776
Autism,58,Autism__58__seg32,spike,medium,1,STRATUS-H,2.431549593680815,18.96807122687872,1.0,,,0.9122581188326911,0.9800995024875622,0.9423360027174068,0.9423360027174068,1.0,,0.9448978746792202
Autism,58,Autism__58__seg32,mixed,medium,1,Pointwise-D,10.171794253760428,47.73530466469562,0.8482328482328483,0.0,1.0,1.0,1.0,0.8061886283055962,0.8061886283055962,1.0,1.0,0.9612377256611192
Autism,58,Autism__58__seg32,mixed,medium,1,STRATUS-D,11.060730714445532,51.01642785863243,0.8482328482328483,0.0,1.0,1.0,1.0,0.7288715493561797,0.7288715493561797,1.0,1.0,0.945774309871236
Autism,58,Autism__58__seg32,mixed,medium,1,Hybrid-P,11.362387155595018,47.55920264271575,0.8482328482328483,0.0,1.0,0.7921875833466862,0.968847352024922,0.9637650321067056,0.9637650321067056,1.0,1.0,0.9449599934956628
Autism,58,Autism__58__seg32,mixed,medium,1,STRATUS-H,10.269248089043767,46.52650422108065,0.8482328482328483,0.0,1.0,0.9059744614107098,0.9906542056074766,0.9637650321067056,0.9637650321067056,1.0,1.0,0.9720787398249784
Autism,58,Autism__58__seg32,short_gap,high,1,Pointwise-D,7.386792697937247,36.092738928231455,1.0,,1.0,0.9418408958878622,0.9974358974358974,,,1.0,,0.97975893110792
Autism,58,Autism__58__seg32,short_gap,high,1,STRATUS-D,7.383177417271967,36.09269247054967,1.0,,1.0,0.9418394586568,0.9974358974358974,,,1.0,,0.9797584520308992
Autism,58,Autism__58__seg32,short_gap,high,1,Hybrid-P,8.341470607746807,36.67328593551471,1.0,,1.0,0.8487233864327952,0.9692307692307692,,,1.0,,0.9393180518878548
Autism,58,Autism__58__seg32,short_gap,high,1,STRATUS-H,7.5758006452434,36.01357385392794,1.0,,1.0,0.9247019392357964,0.9923076923076924,,,1.0,,0.9723365438478296
Autism,58,Autism__58__seg32,long_gap,high,1,Pointwise-D,1.1248572233072889,16.181231663509262,0.7858627858627859,0.0,,0.949081166247785,1.0,,,1.0,1.0,0.9830270554159284
Autism,58,Autism__58__seg32,long_gap,high,1,STRATUS-D,1.1231518000268654,16.181197691983034,0.7858627858627859,0.0,,0.9490907050821966,1.0,,,1.0,1.0,0.9830302350273988
Autism,58,Autism__58__seg32,long_gap,high,1,Hybrid-P,2.2768783509253065,17.89346655375181,0.7858627858627859,0.0,,0.8349252116990402,0.9660493827160492,,,1.0,1.0,0.9336581981383631
Autism,58,Autism__58__seg32,long_gap,high,1,STRATUS-H,1.6417275213344296,16.817840103121448,0.7858627858627859,0.0,,0.8933371810974338,0.9907407407407408,,,1.0,1.0,0.9613593072793916
Autism,58,Autism__58__seg32,jitter,high,1,Pointwise-D,2.5451170202975,16.668459743289784,1.0,,,0.9418408958878622,0.9974025974025974,0.0,0.0,1.0,,0.6464144977634866
Autism,58,Autism__58__seg32,jitter,high,1,STRATUS-D,2.542841968322448,16.66838506347558,1.0,,,0.9418327247663916,0.9974025974025974,0.0,0.0,1.0,,0.6464117740563297
Autism,58,Autism__58__seg32,jitter,high,1,Hybrid-P,3.1026099075665807,17.22228740300171,1.0,,,0.8487233864327952,0.974025974025974,0.2669192297046608,0.2669192297046608,1.0,,0.6965561967211434
Autism,58,Autism__58__seg32,jitter,high,1,STRATUS-H,2.685947144360909,16.59933785569567,1.0,,,0.900314064828895,0.9818181818181818,0.2817568718100093,0.2817568718100093,1.0,,0.7212963728190287
Autism,58,Autism__58__seg32,spike,high,1,Pointwise-D,3.5707689305252903,38.90344191220855,1.0,,,1.0,0.9974811083123426,0.7833711915679786,0.7833711915679786,1.0,,0.9269507666267738
Autism,58,Autism__58__seg32,spike,high,1,STRATUS-D,4.559559251842096,44.57565008221656,1.0,,,1.0,0.9974811083123426,0.7233751115323701,0.7233751115323701,1.0,,0.9069520732815708
Autism,58,Autism__58__seg32,spike,high,1,Hybrid-P,3.3397705647130014,21.985051271958092,1.0,,,0.8617521723683708,0.964735516372796,0.9815620488178348,0.9815620488178348,1.0,,0.936016579186334
Autism,58,Autism__58__seg32,spike,high,1,STRATUS-H,2.5272199654900174,20.82863842793568,1.0,,,0.933149837841758,0.9848866498740554,0.9815620488178348,0.9815620488178348,1.0,,0.966532845511216
Autism,58,Autism__58__seg32,mixed,high,1,Pointwise-D,13.572588005290916,57.757746424155,0.7962577962577962,0.0,1.0,0.8503462018888226,0.9965156794425089,0.6773137848935269,0.6773137848935269,1.0,1.0,0.9048351332449716
Autism,58,Autism__58__seg32,mixed,high,1,STRATUS-D,14.3649787247714,63.59253574979623,0.7962577962577962,0.0,1.0,0.8503462018888226,0.9965156794425089,0.6322300966295162,0.6322300966295162,1.0,1.0,0.8958183955921694
Autism,58,Autism__58__seg32,mixed,high,1,Hybrid-P,10.97590430902804,41.1491817860603,0.7962577962577962,0.0,1.0,0.8566800390816706,0.9790940766550522,0.9379530944245752,0.9379530944245752,1.0,1.0,0.9547454420322596
Autism,58,Autism__58__seg32,mixed,high,1,STRATUS-H,10.161290613131923,40.43900697981236,0.7962577962577962,0.0,1.0,0.9451717122409746,0.9930313588850174,0.9370670136140544,0.9370670136140544,1.0,1.0,0.9750540169480092
Autism,Unidentified(Pos),Autism__Unidentified(Pos)__seg36,short_gap,low,0,Pointwise-D,3.946536725034758,23.08341904323818,1.0,,1.0,0.8805131969047097,0.665680473372781,,,0.7054455445544554,,0.8487312234258303
Autism,Unidentified(Pos),Autism__Unidentified(Pos)__seg36,short_gap,low,0,STRATUS-D,3.776461973185426,21.376526905943656,1.0,,1.0,0.909048262272524,0.6597633136094675,,,0.6955445544554455,,0.8562705252939972
Autism,Unidentified(Pos),Autism__Unidentified(Pos)__seg36,short_gap,low,0,Hybrid-P,5.515543880793965,24.018311110348773,1.0,,1.0,0.8084852178225651,0.6094674556213018,,,0.698019801980198,,0.8059842244812888
Autism,Unidentified(Pos),Autism__Unidentified(Pos)__seg36,short_gap,low,0,STRATUS-H,5.306023069551193,23.84511696957599,1.0,,1.0,0.8225444740208592,0.606508875739645,,,0.7054455445544554,,0.8096844499201681
Autism,Unidentified(Pos),Autism__Unidentified(Pos)__seg36,long_gap,low,0,Pointwise-D,4.199046496115263,23.95416257372749,0.9282178217821784,0.0,,0.8740670771663683,0.646875,,,0.6826666666666666,1.0,0.8403140257221228
Autism,Unidentified(Pos),Autism__Unidentified(Pos)__seg36,long_gap,low,0,STRATUS-D,4.015819296789583,22.18208454487375,0.9282178217821784,0.0,,0.9041415631508312,0.640625,,,0.6719999999999999,1.0,0.8482555210502771
Autism,Unidentified(Pos),Autism__Unidentified(Pos)__seg36,long_gap,low,0,Hybrid-P,5.789107827596707,25.482791327754505,0.9282178217821784,0.0,,0.8087024948209347,0.596875,,,0.6746666666666667,1.0,0.8018591649403115
Autism,Unidentified(Pos),Autism__Unidentified(Pos)__seg36,long_gap,low,0,STRATUS-H,5.586164317341037,25.35732474434137,0.9282178217821784,0.0,,0.822751311457135,0.603125,,,0.6826666666666666,1.0,0.8086254371523783
Autism,Unidentified(Pos),Autism__Unidentified(Pos)__seg36,jitter,low,0,Pointwise-D,3.967319072138276,23.08760040867837,1.0,,,0.8805131969047097,0.6646884272997032,0.0,0.0,0.7054455445544554,,0.5150672080681377
Autism,Unidentified(Pos),Autism__Unidentified(Pos)__seg36,jitter,low,0,STRATUS-D,3.797244320288944,21.381042080909136,1.0,,,0.909048262272524,0.658753709198813,0.0,0.0,0.6955445544554455,,0.5226006571571123
Autism,Unidentified(Pos),Autism__Unidentified(Pos)__seg36,jitter,low,0,Hybrid-P,5.5580370931608885,24.026293026878985,1.0,,,0.8084852178225651,0.6053412462908012,0.0,0.0,0.698019801980198,,0.4712754880377887
Autism,Unidentified(Pos),Autism__Unidentified(Pos)__seg36,jitter,low,0,STRATUS-H,5.32680541665471,23.84916479036184,1.0,,,0.8225444740208592,0.6053412462908012,0.0,0.0,0.7054455445544554,,0.4759619067705534
Autism,Unidentified(Pos),Autism__Unidentified(Pos)__seg36,spike,low,0,Pointwise-D,3.875407630957167,26.180417424309557,1.0,,,0.9521543001618512,0.6755162241887905,0.8249842476454774,0.8249842476454774,0.7054455445544554,,0.8175515906653731
Autism,Unidentified(Pos),Autism__Unidentified(Pos)__seg36,spike,low,0,STRATUS-D,4.152374641331238,26.33799560189702,1.0,,,0.9352453122044656,0.6696165191740413,0.8249842476454774,0.8249842476454774,0.6955445544554455,,0.8099486930079948
Autism,Unidentified(Pos),Autism__Unidentified(Pos)__seg36,spike,low,0,Hybrid-P,5.432687683017792,23.960782971627204,1.0,,,0.8119338931029266,0.6135693215339233,0.980711138758786,0.980711138758786,0.7004950495049505,,0.8020714511318787
Autism,Unidentified(Pos),Autism__Unidentified(Pos)__seg36,spike,low,0,STRATUS-H,5.056737969065387,23.832767467708315,1.0,,,0.825840549415871,0.6489675516224189,0.980711138758786,0.980711138758786,0.7054455445544554,,0.8185064132656921
Autism,Unidentified(Pos),Autism__Unidentified(Pos)__seg36,mixed,low,0,Pointwise-D,3.5535329649150738,20.161919939648943,0.905940594059406,0.0,1.0,0.9401017972357434,0.6245847176079734,0.8961770977402251,0.8961770977402251,0.674863387978142,1.0,0.8921727225167885
Autism,Unidentified(Pos),Autism__Unidentified(Pos)__seg36,mixed,low,0,STRATUS-D,5.573977297962217,32.04389472576612,0.905940594059406,0.0,1.0,0.9173277880419192,0.6179401993355482,0.0,0.0,0.6639344262295082,1.0,0.7070535974754935
Autism,Unidentified(Pos),Autism__Unidentified(Pos)__seg36,mixed,low,0,Hybrid-P,5.8860749388029125,25.18859985667424,0.905940594059406,0.0,1.0,0.8473325510026057,0.5681063122923588,0.5029744520751763,0.5029744520751763,0.6666666666666667,1.0,0.7836826630740282
Autism,Unidentified(Pos),Autism__Unidentified(Pos)__seg36,mixed,low,0,STRATUS-H,5.295301959627226,24.926476741901176,0.905940594059406,0.0,1.0,0.8714369186091312,0.6079734219269103,0.5029744520751763,0.5029744520751763,0.674863387978142,1.0,0.7964769585222435
Autism,Unidentified(Pos),Autism__Unidentified(Pos)__seg36,short_gap,medium,0,Pointwise-D,4.021017775726381,23.096748486851645,1.0,,1.0,0.8805131969047097,0.6616766467065869,,,0.7054455445544554,,0.8473966145370989
Autism,Unidentified(Pos),Autism__Unidentified(Pos)__seg36,short_gap,medium,0,STRATUS-D,3.850943023877049,21.39092000124552,1.0,,1.0,0.909048262272524,0.655688622754491,,,0.6955445544554455,,0.854912295009005
Autism,Unidentified(Pos),Autism__Unidentified(Pos)__seg36,short_gap,medium,0,Hybrid-P,5.616014882338537,24.036799234943345,1.0,,1.0,0.8084852178225651,0.6017964071856288,,,0.698019801980198,,0.8034272083360646
Autism,Unidentified(Pos),Autism__Unidentified(Pos)__seg36,short_gap,medium,0,STRATUS-H,5.07333689204583,23.785134538202712,1.0,,1.0,0.8274247086993388,0.6377245508982036,,,0.7054455445544554,,0.8217164198658474
Autism,Unidentified(Pos),Autism__Unidentified(Pos)__seg36,long_gap,medium,0,Pointwise-D,4.448142474698372,24.65443166338799,0.8762376237623762,0.0,,0.8715914845734368,0.6233333333333333,,,0.6638418079096045,1.0,0.8316416059689233
Autism,Unidentified(Pos),Autism__Unidentified(Pos)__seg36,long_gap,medium,0,STRATUS-D,4.254045865243202,22.83054921581356,0.8762376237623762,0.0,,0.902257175566599,0.6166666666666667,,,0.652542372881356,1.0,0.8396412807444219
Autism,Unidentified(Pos),Autism__Unidentified(Pos)__seg36,long_gap,medium,0,Hybrid-P,5.880913410563384,25.68261795294876,0.8762376237623762,0.0,,0.811218972038222,0.5833333333333334,,,0.655367231638418,1.0,0.7981841017905186
Autism,Unidentified(Pos),Autism__Unidentified(Pos)__seg36,long_gap,medium,0,STRATUS-H,5.205845543163621,25.10440865121524,0.8762376237623762,0.0,,0.8436428598656391,0.6166666666666667,,,0.6638418079096045,1.0,0.8201031755107686
Autism,Unidentified(Pos),Autism__Unidentified(Pos)__seg36,jitter,medium,0,Pointwise-D,4.016101568104732,23.104954329881167,1.0,,,0.8805131969047097,0.6646884272997032,0.0,0.0,0.7054455445544554,,0.5150672080681377
Autism,Unidentified(Pos),Autism__Unidentified(Pos)__seg36,jitter,medium,0,STRATUS-D,3.8460268162554,21.39977996196915,1.0,,,0.909048262272524,0.658753709198813,0.0,0.0,0.6955445544554455,,0.5226006571571123
Autism,Unidentified(Pos),Autism__Unidentified(Pos)__seg36,jitter,medium,0,Hybrid-P,5.550944340822692,24.02627601073485,1.0,,,0.8084852178225651,0.6083086053412463,0.2883757146068275,0.2883757146068275,0.698019801980198,,0.5683898459235464
Autism,Unidentified(Pos),Autism__Unidentified(Pos)__seg36,jitter,medium,0,STRATUS-H,5.375587912621167,23.865964953316347,1.0,,,0.8225444740208592,0.6053412462908012,0.0,0.0,0.7054455445544554,,0.4759619067705534
Autism,Unidentified(Pos),Autism__Unidentified(Pos)__seg36,spike,medium,0,Pointwise-D,4.116310925823888,24.677754841404425,1.0,,,0.9523829677605664,0.6706231454005934,0.7878681320981247,0.7878681320981247,0.7054455445544554,,0.8036247484197615
Autism,Unidentified(Pos),Autism__Unidentified(Pos)__seg36,spike,medium,0,STRATUS-D,5.694814174856618,36.217952579838816,1.0,,,0.9351466848859844,0.6646884272997032,0.5568737622842551,0.5568737622842551,0.6955445544554455,,0.7189029581566476
Autism,Unidentified(Pos),Autism__Unidentified(Pos)__seg36,spike,medium,0,Hybrid-P,5.954035771755112,24.954345249839367,1.0,,,0.8046955936588506,0.6083086053412463,0.9758887642747636,0.9758887642747636,0.7029702970297029,,0.7962976544249534
Autism,Unidentified(Pos),Autism__Unidentified(Pos)__seg36,spike,medium,0,STRATUS-H,5.502151300773083,24.810421561496007,1.0,,,0.8150529837315504,0.6498516320474778,0.9758887642747636,0.9758887642747636,0.7054455445544554,,0.8135977933512639
Autism,Unidentified(Pos),Autism__Unidentified(Pos)__seg36,mixed,medium,0,Pointwise-D,5.345762812898879,27.79821129528855,0.8391089108910891,0.0,1.0,0.9488073490053271,0.6051660516605166,0.9231922487393056,0.9231922487393056,0.6607669616519174,1.0,0.8954331298810299
Autism,Unidentified(Pos),Autism__Unidentified(Pos)__seg36,mixed,medium,0,STRATUS-D,5.594010396589275,27.937524009253156,0.8391089108910891,0.0,1.0,0.9247693110118604,0.6014760147601476,0.9231922487393056,0.9231922487393056,0.6519174041297935,1.0,0.8898875149022627
Autism,Unidentified(Pos),Autism__Unidentified(Pos)__seg36,mixed,medium,0,Hybrid-P,8.292478685161496,30.60914491749469,0.8391089108910891,0.0,1.0,0.8006184596801698,0.5608856088560885,0.932904990512687,0.932904990512687,0.6548672566371682,1.0,0.8588818118097891
Autism,Unidentified(Pos),Autism__Unidentified(Pos)__seg36,mixed,medium,0,STRATUS-H,8.004675442110228,30.50450682849438,0.8391089108910891,0.0,1.0,0.8052522318342572,0.5830258302583026,0.930761858930888,0.930761858930888,0.6607669616519174,1.0,0.8638079842046895
Autism,Unidentified(Pos),Autism__Unidentified(Pos)__seg36,short_gap,high,0,Pointwise-D,7.029513875064435,30.05141967730145,1.0,,1.0,0.876816300212081,0.6596385542168675,,,0.7054455445544554,,0.8454849514763162
Autism,Unidentified(Pos),Autism__Unidentified(Pos)__seg36,short_gap,high,0,STRATUS-D,6.859439123215102,28.761075996146296,1.0,,1.0,0.9062342345331978,0.6536144578313253,,,0.6955445544554455,,0.8532828974548411
Autism,Unidentified(Pos),Autism__Unidentified(Pos)__seg36,short_gap,high,0,Hybrid-P,8.598521030823642,30.77536122434752,1.0,,1.0,0.8025597905244839,0.6024096385542169,,,0.698019801980198,,0.8016564763595669
Autism,Unidentified(Pos),Autism__Unidentified(Pos)__seg36,short_gap,high,0,STRATUS-H,8.081832991383882,30.583666538804994,1.0,,1.0,0.8220852652870811,0.6355421686746988,,,0.7054455445544554,,0.8192091446539266
Autism,Unidentified(Pos),Autism__Unidentified(Pos)__seg36,long_gap,high,0,Pointwise-D,6.049130703032577,37.573152809883496,0.8193069306930693,0.0,,0.8433169469483851,0.6089965397923875,,,0.6404833836858006,1.0,0.817437828913591
Autism,Unidentified(Pos),Autism__Unidentified(Pos)__seg36,long_gap,high,0,STRATUS-D,6.543039897140728,37.80891408643,0.8193069306930693,0.0,,0.8179970361317831,0.6020761245674741,,,0.6283987915407855,1.0,0.806691053566419
Autism,Unidentified(Pos),Autism__Unidentified(Pos)__seg36,long_gap,high,0,Hybrid-P,8.21347995690319,40.57193427071326,0.8193069306930693,0.0,,0.7457129732188835,0.5674740484429066,,,0.6344410876132931,1.0,0.77106234055393
Autism,Unidentified(Pos),Autism__Unidentified(Pos)__seg36,long_gap,high,0,STRATUS-H,6.987097041382048,39.01767804378147,0.8193069306930693,0.0,,0.8003725608304546,0.6055363321799307,,,0.6404833836858006,1.0,0.8019696310034617
Autism,Unidentified(Pos),Autism__Unidentified(Pos)__seg36,jitter,high,0,Pointwise-D,4.089862181290906,23.12727827667248,1.0,,,0.8805131969047097,0.6636904761904762,0.0,0.0,0.7054455445544554,,0.5147345576983953
Autism,Unidentified(Pos),Autism__Unidentified(Pos)__seg36,jitter,high,0,STRATUS-D,3.919787429441574,21.42388079507186,1.0,,,0.909048262272524,0.6577380952380952,0.0,0.0,0.6955445544554455,,0.5222621191702065
Autism,Unidentified(Pos),Autism__Unidentified(Pos)__seg36,jitter,high,0,Hybrid-P,5.6530290750478285,24.05861428524767,1.0,,,0.8084852178225651,0.6071428571428571,0.0303812590036702,0.0303812590036702,0.698019801980198,,0.4820031113230308
Autism,Unidentified(Pos),Autism__Unidentified(Pos)__seg36,jitter,high,0,STRATUS-H,5.449348525807341,23.88757771423625,1.0,,,0.8225444740208592,0.6041666666666666,0.0,0.0,0.7054455445544554,,0.4755703802291752
Autism,Unidentified(Pos),Autism__Unidentified(Pos)__seg36,spike,high,0,Pointwise-D,6.779603830030546,49.08054728163586,1.0,,,0.9527493827147296,0.6696696696696697,0.799886142557444,0.799886142557444,0.7103960396039604,,0.8074350649806145
Autism,Unidentified(Pos),Autism__Unidentified(Pos)__seg36,spike,high,0,STRATUS-D,8.777621262300311,66.0163374608427,1.0,,,0.9353782918718108,0.6636636636636637,0.7122277564635688,0.7122277564635688,0.6955445544554455,,0.7704232373330143
Autism,Unidentified(Pos),Autism__Unidentified(Pos)__seg36,spike,high,0,Hybrid-P,7.620622843592593,31.26754969202591,1.0,,,0.7505584230142395,0.6096096096096096,0.9869532215515134,0.9869532215515134,0.7029702970297029,,0.7823737513917876
Autism,Unidentified(Pos),Autism__Unidentified(Pos)__seg36,spike,high,0,STRATUS-H,6.87476042630239,30.49590900287449,1.0,,,0.7791549104436443,0.6456456456456456,0.9869532215515134,0.9869532215515134,0.7054455445544554,,0.8039179258802678
Autism,Unidentified(Pos),Autism__Unidentified(Pos)__seg36,mixed,high,0,Pointwise-D,12.91033693264097,61.90345708367135,0.7896039603960396,0.0,1.0,0.9138922236896978,0.6345381526104418,0.8746886698331757,0.8746886698331757,0.6802507836990596,1.0,0.884623809226663
Autism,Unidentified(Pos),Autism__Unidentified(Pos)__seg36,mixed,high,0,STRATUS-D,10.482909320458162,40.84972732485731,0.7896039603960396,0.0,1.0,0.8909855180321897,0.6345381526104418,0.9292356510370456,0.9292356510370456,0.6739811912225706,1.0,0.8909518643359353
Autism,Unidentified(Pos),Autism__Unidentified(Pos)__seg36,mixed,high,0,Hybrid-P,12.791473886087298,40.38696169732881,0.7896039603960396,0.0,1.0,0.7885956487152392,0.5863453815261044,0.907744415740287,0.907744415740287,0.6739811912225706,1.0,0.856537089196326
Autism,Unidentified(Pos),Autism__Unidentified(Pos)__seg36,mixed,high,0,STRATUS-H,12.58946770686024,40.43716307315353,0.7896039603960396,0.0,1.0,0.7892527390127659,0.6144578313253012,0.9058900815946312,0.9058900815946312,0.677115987460815,1.0,0.8619201303865397
Autism,Unidentified(Pos),Autism__Unidentified(Pos)__seg36,short_gap,low,1,Pointwise-D,4.406299194905687,25.884038735319628,1.0,,1.0,0.8894018089491766,0.6576576576576577,,,0.7054455445544554,,0.8490198222022781
Autism,Unidentified(Pos),Autism__Unidentified(Pos)__seg36,short_gap,low,1,STRATUS-D,4.236224443056354,24.374066732622374,1.0,,1.0,0.917936874316991,0.6516516516516516,,,0.6955445544554455,,0.8565295086562141
Autism,Unidentified(Pos),Autism__Unidentified(Pos)__seg36,short_gap,low,1,Hybrid-P,6.847383035863864,29.673748395826827,1.0,,1.0,0.7832529890813033,0.6036036036036037,,,0.7004950495049505,,0.7956188642283023
Autism,Unidentified(Pos),Autism__Unidentified(Pos)__seg36,short_gap,low,1,STRATUS-H,6.5248596650911885,29.610963755514103,1.0,,1.0,0.7850707343238473,0.6366366366366366,,,0.7054455445544554,,0.8072357903201612
Autism,Unidentified(Pos),Autism__Unidentified(Pos)__seg36,long_gap,low,1,Pointwise-D,4.242789976788572,24.28761212318715,0.900990099009901,0.0,,0.8564000475279135,0.6464968152866242,,,0.6730769230769231,1.0,0.8342989542715126
Autism,Unidentified(Pos),Autism__Unidentified(Pos)__seg36,long_gap,low,1,STRATUS-D,4.054025691768983,22.486893812178213,0.900990099009901,0.0,,0.8913571279974782,0.6401273885350318,,,0.6620879120879121,1.0,0.8438281721775033
Autism,Unidentified(Pos),Autism__Unidentified(Pos)__seg36,long_gap,low,1,Hybrid-P,5.745322769606776,25.10770517620368,0.900990099009901,0.0,,0.7852199583467118,0.5828025477707006,,,0.6620879120879121,1.0,0.7893408353724709
Autism,Unidentified(Pos),Autism__Unidentified(Pos)__seg36,long_gap,low,1,STRATUS-H,5.1596611983341845,24.91164155801488,0.900990099009901,0.0,,0.7966997313906585,0.6273885350318471,,,0.6730769230769231,1.0,0.8080294221408352
Autism,Unidentified(Pos),Autism__Unidentified(Pos)__seg36,jitter,low,1,Pointwise-D,4.135783031503623,23.152820248962453,1.0,,,0.8793258249893496,0.6596385542168675,0.0,0.0,0.7054455445544554,,0.5129881264020724
Autism,Unidentified(Pos),Autism__Unidentified(Pos)__seg36,jitter,low,1,STRATUS-D,3.96570827965429,21.451451077154843,1.0,,,0.907860890357164,0.6536144578313253,0.0,0.0,0.6955445544554455,,0.5204917827294965
Autism,Unidentified(Pos),Autism__Unidentified(Pos)__seg36,jitter,low,1,Hybrid-P,5.583351387487795,23.94930205642629,1.0,,,0.8206973541836764,0.6024096385542169,0.0060109501794984,0.0060109501794984,0.698019801980198,,0.4763726476391306
Autism,Unidentified(Pos),Autism__Unidentified(Pos)__seg36,jitter,low,1,STRATUS-H,5.270882996804072,23.884937329713168,1.0,,,0.8250301826694061,0.6355421686746988,0.0060109501794984,0.0060109501794984,0.7054455445544554,,0.4888611005078678
Autism,Unidentified(Pos),Autism__Unidentified(Pos)__seg36,spike,low,1,Pointwise-D,4.175058745749754,23.50940848749087,1.0,,,0.903937000643112,0.6686217008797654,0.4529340627314152,0.4529340627314152,0.7054455445544554,,0.6751642547514308
Autism,Unidentified(Pos),Autism__Unidentified(Pos)__seg36,spike,low,1,STRATUS-D,4.604879521853104,25.151322350793265,1.0,,,0.9332564616607724,0.6627565982404692,0.0,0.0,0.6955445544554455,,0.5320043533004138
Autism,Unidentified(Pos),Autism__Unidentified(Pos)__seg36,spike,low,1,Hybrid-P,5.658061256105873,24.44920589426757,1.0,,,0.8070162123770506,0.6158357771260997,0.7905454050911276,0.7905454050911276,0.7004950495049505,,0.737799131531426
Autism,Unidentified(Pos),Autism__Unidentified(Pos)__seg36,spike,low,1,STRATUS-H,5.520053747311295,24.32473852153513,1.0,,,0.8181281111909913,0.6129032258064516,0.7905454050911276,0.7905454050911276,0.7054455445544554,,0.7405255806961901
Autism,Unidentified(Pos),Autism__Unidentified(Pos)__seg36,mixed,low,1,Pointwise-D,4.595740242637164,25.40325816919958,0.9108910891089108,0.0,1.0,0.9275458934053596,0.6164383561643836,0.8634549271386133,0.8634549271386133,0.6766304347826086,1.0,0.8814878353416713
Autism,Unidentified(Pos),Autism__Unidentified(Pos)__seg36,mixed,low,1,STRATUS-D,5.447906293923413,27.841250390210487,0.9108910891089108,0.0,1.0,0.9073412950696114,0.6095890410958904,0.6325052487716165,0.6325052487716165,0.6657608695652174,1.0,0.8298871169874236
Autism,Unidentified(Pos),Autism__Unidentified(Pos)__seg36,mixed,low,1,Hybrid-P,8.520205317446061,33.34126187837225,0.9108910891089108,0.0,1.0,0.7315412991652258,0.5753424657534246,0.87615061916614,0.87615061916614,0.6739130434782609,1.0,0.8366068768169581
Autism,Unidentified(Pos),Autism__Unidentified(Pos)__seg36,mixed,low,1,STRATUS-H,8.01137314048831,32.66694164574582,0.9108910891089108,0.0,1.0,0.7626446685443408,0.5924657534246576,0.8389073951658663,0.8389073951658663,0.6766304347826086,1.0,0.8388035634269728
Autism,Unidentified(Pos),Autism__Unidentified(Pos)__seg36,short_gap,medium,1,Pointwise-D,13.133276934986927,57.6097160845249,1.0,,1.0,0.8645050006722073,0.6575757575757576,,,0.7054455445544554,,0.8406935860826549
Autism,Unidentified(Pos),Autism__Unidentified(Pos)__seg36,short_gap,medium,1,STRATUS-D,12.963202183137591,56.94726556362797,1.0,,1.0,0.8956875005193307,0.6515151515151515,,,0.6955445544554455,,0.8490675506781606
Autism,Unidentified(Pos),Autism__Unidentified(Pos)__seg36,short_gap,medium,1,Hybrid-P,14.518367905447102,57.92929367046892,1.0,,1.0,0.805199710905312,0.6,,,0.698019801980198,,0.8017332369684373
Autism,Unidentified(Pos),Autism__Unidentified(Pos)__seg36,short_gap,medium,1,STRATUS-H,14.266536055863622,57.87930479538662,1.0,,1.0,0.8059179651409475,0.603030303030303,,,0.7054455445544554,,0.8029827560570836
Autism,Unidentified(Pos),Autism__Unidentified(Pos)__seg36,long_gap,medium,1,Pointwise-D,4.1116116681188055,25.08189452105869,0.8316831683168316,0.0,,0.8630324983676744,0.6620689655172414,,,0.6934523809523809,1.0,0.8417004879616385
Autism,Unidentified(Pos),Autism__Unidentified(Pos)__seg36,long_gap,medium,1,STRATUS-D,3.7213542235623303,23.06616905530273,0.8316831683168316,0.0,,0.9089797623583225,0.6586206896551724,,,0.6875,1.0,0.8558668173378315
Autism,Unidentified(Pos),Autism__Unidentified(Pos)__seg36,long_gap,medium,1,Hybrid-P,5.422192151515823,25.766856603892208,0.8316831683168316,0.0,,0.8052868470842528,0.603448275862069,,,0.6904761904761905,1.0,0.8029117076487738
Autism,Unidentified(Pos),Autism__Unidentified(Pos)__seg36,long_gap,medium,1,STRATUS-H,5.474220849172928,25.817377986987445,0.8316831683168316,0.0,,0.7955684334007277,0.6,,,0.6934523809523809,1.0,0.7985228111335759
Autism,Unidentified(Pos),Autism__Unidentified(Pos)__seg36,jitter,medium,1,Pointwise-D,4.715275153438406,23.566736980787752,1.0,,,0.8680604318190905,0.6575757575757576,0.0,0.0,0.7054455445544554,,0.5085453964649495
Autism,Unidentified(Pos),Autism__Unidentified(Pos)__seg36,jitter,medium,1,STRATUS-D,4.5452004015890735,21.897551455732007,1.0,,,0.8995693859890413,0.6515151515151515,0.0,0.0,0.6955445544554455,,0.5170281791680643
Autism,Unidentified(Pos),Autism__Unidentified(Pos)__seg36,jitter,medium,1,Hybrid-P,5.852736488779996,24.089660784271693,1.0,,,0.8064886098067564,0.603030303030303,0.166088630799935,0.166088630799935,0.698019801980198,,0.5252025145456649
Autism,Unidentified(Pos),Autism__Unidentified(Pos)__seg36,jitter,medium,1,STRATUS-H,5.526668864107117,24.033997338821436,1.0,,,0.8121596809394492,0.6363636363636364,0.0797270545044042,0.0797270545044042,0.7054455445544554,,0.5094167906024966
Autism,Unidentified(Pos),Autism__Unidentified(Pos)__seg36,spike,medium,1,Pointwise-D,5.043917261129336,29.23832129246805,1.0,,,0.9448339636650872,0.665680473372781,0.7381129815792047,0.7381129815792047,0.7054455445544554,,0.782875806205691
Autism,Unidentified(Pos),Autism__Unidentified(Pos)__seg36,spike,medium,1,STRATUS-D,7.56310544527734,43.8164597151677,1.0,,,0.9258888517933344,0.6597633136094675,0.4533845992735311,0.4533845992735311,0.6955445544554455,,0.6796789215587777
Autism,Unidentified(Pos),Autism__Unidentified(Pos)__seg36,spike,medium,1,Hybrid-P,6.228418015251235,26.546830123202607,1.0,,,0.7736415373721344,0.6094674556213018,0.8831204085873484,0.8831204085873484,0.7004950495049505,,0.7554098005269282
Autism,Unidentified(Pos),Autism__Unidentified(Pos)__seg36,spike,medium,1,STRATUS-H,6.462034945627978,27.12672289677543,1.0,,,0.8012055569179225,0.6094674556213018,0.8492688021591226,0.8492688021591226,0.7054455445544554,,0.7533139382327824
Autism,Unidentified(Pos),Autism__Unidentified(Pos)__seg36,mixed,medium,1,Pointwise-D,42.85243580726163,173.53007062011952,0.8465346534653465,0.0,1.0,0.9245191392609404,0.5735849056603773,0.5562084304750212,0.5562084304750212,0.6169590643274854,1.0,0.8108624950792678
Autism,Unidentified(Pos),Autism__Unidentified(Pos)__seg36,mixed,medium,1,STRATUS-D,43.7263007481367,174.77744545879617,0.8465346534653465,0.0,1.0,0.8943509821327085,0.5660377358490566,0.5244099914028526,0.5244099914028526,0.6052631578947368,1.0,0.7969597418769235
Autism,Unidentified(Pos),Autism__Unidentified(Pos)__seg36,mixed,medium,1,Hybrid-P,41.22540813638947,169.38815367652066,0.8465346534653465,0.0,1.0,0.7919752765677271,0.5132075471698113,0.7898985255979557,0.7898985255979557,0.6140350877192983,1.0,0.8190162698670989
Autism,Unidentified(Pos),Autism__Unidentified(Pos)__seg36,mixed,medium,1,STRATUS-H,41.091686592646646,169.38273596099063,0.8465346534653465,0.0,1.0,0.7866871440024352,0.5245283018867924,0.7946703528287713,0.7946703528287713,0.6169590643274854,1.0,0.8211771597435998
Autism,Unidentified(Pos),Autism__Unidentified(Pos)__seg36,short_gap,high,1,Pointwise-D,13.247923454019924,54.045597444899,1.0,,1.0,0.854160864648292,0.6513761467889908,,,0.7054455445544554,,0.8351790038124275
Autism,Unidentified(Pos),Autism__Unidentified(Pos)__seg36,short_gap,high,1,STRATUS-D,13.077848702170588,53.33890016686579,1.0,,1.0,0.8857950025770094,0.6452599388379205,,,0.6955445544554455,,0.8436849804716434
Autism,Unidentified(Pos),Autism__Unidentified(Pos)__seg36,short_gap,high,1,Hybrid-P,15.437029085103037,55.644449134891794,1.0,,1.0,0.7656250309379629,0.5963302752293578,,,0.698019801980198,,0.787318435389107
Autism,Unidentified(Pos),Autism__Unidentified(Pos)__seg36,short_gap,high,1,STRATUS-H,15.07283739053789,55.59484925104462,1.0,,1.0,0.7692292459381165,0.6299694189602446,,,0.7054455445544554,,0.7997328882994537
Autism,Unidentified(Pos),Autism__Unidentified(Pos)__seg36,long_gap,high,1,Pointwise-D,3.896173523044429,25.685959578641548,0.7846534653465347,0.0,,0.8665932484035731,0.6788321167883211,,,0.7129337539432177,1.0,0.8484751217306314
Autism,Unidentified(Pos),Autism__Unidentified(Pos)__seg36,long_gap,high,1,STRATUS-D,3.3606594537252943,23.49873006254169,0.7846534653465347,0.0,,0.9262703368436508,0.6751824817518248,,,0.7097791798107256,1.0,0.8671509395318252
Autism,Unidentified(Pos),Autism__Unidentified(Pos)__seg36,long_gap,high,1,Hybrid-P,5.163440348969373,26.30546906811444,0.7846534653465347,0.0,,0.8203542441088002,0.6167883211678832,,,0.7129337539432177,1.0,0.8123808550922278
Autism,Unidentified(Pos),Autism__Unidentified(Pos)__seg36,long_gap,high,1,STRATUS-H,5.340453285928295,26.447076688524557,0.7846534653465347,0.0,,0.7976827530006536,0.6131386861313869,,,0.7129337539432177,1.0,0.8036071463773468
Autism,Unidentified(Pos),Autism__Unidentified(Pos)__seg36,jitter,high,1,Pointwise-D,5.320658196883806,24.119277093003912,1.0,,,0.8665499791422474,0.6501547987616099,0.0,0.0,0.7054455445544554,,0.5055682593012857
Autism,Unidentified(Pos),Autism__Unidentified(Pos)__seg36,jitter,high,1,STRATUS-D,5.150583445034474,22.491135927825106,1.0,,,0.8981841170709648,0.6439628482972136,0.0,0.0,0.6955445544554455,,0.5140489884560595
Autism,Unidentified(Pos),Autism__Unidentified(Pos)__seg36,jitter,high,1,Hybrid-P,6.107139471513401,24.349033757137565,1.0,,,0.8105094797998467,0.6099071207430341,0.2086751450426148,0.2086751450426148,0.7004950495049505,,0.5430305818618318
Autism,Unidentified(Pos),Autism__Unidentified(Pos)__seg36,jitter,high,1,STRATUS-H,5.85227998221466,24.284014464105127,1.0,,,0.8125246426523125,0.631578947368421,0.2069319954378774,0.2069319954378774,0.7054455445544554,,0.5503451951528703
Autism,Unidentified(Pos),Autism__Unidentified(Pos)__seg36,spike,high,1,Pointwise-D,4.971921044094165,29.466140891703468,1.0,,,0.91197645466057,0.6706586826347305,0.9130748497129392,0.9130748497129392,0.7054455445544554,,0.8319033290027464
Autism,Unidentified(Pos),Autism__Unidentified(Pos)__seg36,spike,high,1,STRATUS-D,6.871346726979435,40.63214781118855,1.0,,,0.9324990369303,0.6646706586826348,0.8049395456548001,0.8049395456548001,0.6955445544554455,,0.8007030804225783
Autism,Unidentified(Pos),Autism__Unidentified(Pos)__seg36,spike,high,1,Hybrid-P,7.093681433729183,28.3420264353762,1.0,,,0.7610664191178398,0.6227544910179641,0.9514985886785352,0.9514985886785352,0.7029702970297029,,0.7784398329381129
Autism,Unidentified(Pos),Autism__Unidentified(Pos)__seg36,spike,high,1,STRATUS-H,6.7414699282633945,27.837669471222064,1.0,,,0.783168430268858,0.625748502994012,0.9514985886785352,0.9514985886785352,0.7054455445544554,,0.7868051739804683
Autism,Unidentified(Pos),Autism__Unidentified(Pos)__seg36,mixed,high,1,Pointwise-D,18.98712632570376,64.36089772737056,0.7970297029702971,0.0,1.0,0.990597128348047,0.5446808510638298,0.8382905912983746,0.8382905912983746,0.6366459627329193,1.0,0.8747137141420502
Autism,Unidentified(Pos),Autism__Unidentified(Pos)__seg36,mixed,high,1,STRATUS-D,18.440977307696045,62.37966649965984,0.7970297029702971,0.0,1.0,0.9775736400984492,0.5361702127659574,0.875341854413299,0.875341854413299,0.6180124223602484,1.0,0.8778171414555412
Autism,Unidentified(Pos),Autism__Unidentified(Pos)__seg36,mixed,high,1,Hybrid-P,20.028532164111112,61.98790451241272,0.7970297029702971,0.0,1.0,0.8025718171879704,0.5191489361702127,0.9039361859531718,0.9039361859531718,0.6304347826086957,1.0,0.8451313878622709
Autism,Unidentified(Pos),Autism__Unidentified(Pos)__seg36,mixed,high,1,STRATUS-H,20.102958311697567,62.00565255852376,0.7970297029702971,0.0,1.0,0.8014646217182331,0.5148936170212766,0.9016159753214802,0.9016159753214802,0.6335403726708074,1.0,0.843594842812198
ETDD70,1003,ETDD70__1003__seg0,short_gap,low,0,Pointwise-D,0.0957249477800043,1.078146731509176,1.0,,1.0,0.9789185961298358,0.9970184853905784,,,1.0,,0.9919790271734716
ETDD70,1003,ETDD70__1003__seg0,short_gap,low,0,STRATUS-D,0.0808683060482336,1.028218777150514,1.0,,1.0,0.9864535409460607,0.9970184853905784,,,1.0,,0.9944906754455464
ETDD70,1003,ETDD70__1003__seg0,short_gap,low,0,Hybrid-P,0.0653171828226025,0.8839925009138427,1.0,,1.0,0.988520389770138,0.9958258795468098,,,1.0,,0.994782089772316
ETDD70,1003,ETDD70__1003__seg0,short_gap,low,0,STRATUS-H,0.0380775613974705,0.3829229419010416,1.0,,1.0,1.0,1.0,,,1.0,,1.0
ETDD70,1003,ETDD70__1003__seg0,long_gap,low,0,Pointwise-D,0.0621821484578839,1.046744833968973,0.9270729270729272,0.0,,0.9775224024952316,0.9968274111675128,,,1.0,1.0,0.9914499378875812
ETDD70,1003,ETDD70__1003__seg0,long_gap,low,0,STRATUS-D,0.0461568269347131,0.9910779126859852,0.9270729270729272,0.0,,0.9855563767904372,0.9968274111675128,,,1.0,1.0,0.9941279293193168
ETDD70,1003,ETDD70__1003__seg0,long_gap,low,0,Hybrid-P,0.0273776304602263,0.822976390965261,0.9270729270729272,0.0,,0.9888973955567906,0.9955583756345178,,,1.0,1.0,0.9948185903971029
ETDD70,1003,ETDD70__1003__seg0,long_gap,low,0,STRATUS-H,0.0,0.0,0.9270729270729272,0.0,,1.0,1.0,,,1.0,1.0,1.0
ETDD70,1003,ETDD70__1003__seg0,jitter,low,0,Pointwise-D,0.1272238841960962,1.2120506771817936,1.0,,,0.989378924137145,0.9982057416267942,0.1682645480064017,0.1682645480064017,1.0,,0.7186164045901137
ETDD70,1003,ETDD70__1003__seg0,jitter,low,0,STRATUS-D,0.1399849789934316,1.3311359120050894,1.0,,,0.9901101590048396,0.9982057416267942,0.0,0.0,1.0,,0.6627719668772113
ETDD70,1003,ETDD70__1003__seg0,jitter,low,0,Hybrid-P,0.1120233556464047,1.0753979809765826,1.0,,,0.9877648095128512,0.9976076555023924,0.1927796286146448,0.1927796286146448,1.0,,0.7260506978766296
ETDD70,1003,ETDD70__1003__seg0,jitter,low,0,STRATUS-H,0.0826725225068023,0.6835923063326491,1.0,,,1.0,1.0,0.2277471771901633,0.2277471771901633,1.0,,0.7425823923967211
ETDD70,1003,ETDD70__1003__seg0,spike,low,0,Pointwise-D,0.3315286439797015,7.331637624777365,1.0,,,0.9994441723682654,0.9982185273159144,0.9157841224035352,0.9157841224035352,1.0,,0.9711489406959052
ETDD70,1003,ETDD70__1003__seg0,spike,low,0,STRATUS-D,1.2594901314634317,20.63521572101756,1.0,,,0.8806002221371827,0.9982185273159144,0.678212949528324,0.678212949528324,1.0,,0.8523438996604739
ETDD70,1003,ETDD70__1003__seg0,spike,low,0,Hybrid-P,0.0489805448136707,0.8420197089793616,1.0,,,0.991100676866187,0.9946555819477436,0.9940162783309212,0.9940162783309212,1.0,,0.9932575123816172
ETDD70,1003,ETDD70__1003__seg0,spike,low,0,STRATUS-H,0.0552183287913756,1.4877160892752257,1.0,,,0.9994441723682654,1.0,0.9858633323557988,0.9858633323557988,1.0,,0.995102501574688
ETDD70,1003,ETDD70__1003__seg0,mixed,low,0,Pointwise-D,0.4777082066477836,5.881186709235173,0.9045954045954046,0.0,1.0,0.9998843363329428,0.9972508591065292,0.8787796500113406,0.8787796500113406,1.0,1.0,0.9751829690901624
ETDD70,1003,ETDD70__1003__seg0,mixed,low,0,STRATUS-D,1.1565977644881609,14.583226181640557,0.9045954045954046,0.0,1.0,0.921051438670946,0.9972508591065292,0.6888506898033313,0.6888506898033313,1.0,1.0,0.9214305975161612
ETDD70,1003,ETDD70__1003__seg0,mixed,low,0,Hybrid-P,0.2255499569264187,1.3272054302641187,0.9045954045954046,0.0,1.0,0.98639572006803,0.9979381443298968,0.9563931356523404,0.9563931356523404,1.0,1.0,0.9881454000100536
ETDD70,1003,ETDD70__1003__seg0,mixed,low,0,STRATUS-H,0.2306843621752517,2.1481966133644463,0.9045954045954046,0.0,1.0,0.9998843363329428,0.9993127147766324,0.9472544779479262,0.9472544779479262,1.0,1.0,0.9892903058115003
ETDD70,1003,ETDD70__1003__seg0,short_gap,medium,0,Pointwise-D,0.1679563236178692,1.330089858241697,1.0,,1.0,0.9789185961298358,0.9969879518072288,,,1.0,,0.991968849312355
ETDD70,1003,ETDD70__1003__seg0,short_gap,medium,0,STRATUS-D,0.1530996818860985,1.2899505843319723,1.0,,1.0,0.9864535409460607,0.9969879518072288,,,1.0,,0.99448049758443
ETDD70,1003,ETDD70__1003__seg0,short_gap,medium,0,Hybrid-P,0.1375485586604674,1.178211100781778,1.0,,1.0,0.988520389770138,0.9957831325301204,,,1.0,,0.994767840766753
ETDD70,1003,ETDD70__1003__seg0,short_gap,medium,0,STRATUS-H,0.1103089372353355,0.8679681075751844,1.0,,1.0,1.0,1.0,,,1.0,,1.0
ETDD70,1003,ETDD70__1003__seg0,long_gap,medium,0,Pointwise-D,0.0613365886911111,1.0661550801923545,0.8756243756243757,0.0,,0.9763259801531068,0.9979892761394102,,,1.0,1.0,0.9914384187641724
ETDD70,1003,ETDD70__1003__seg0,long_gap,medium,0,STRATUS-D,0.0443696766848333,1.0082569358208844,0.8756243756243757,0.0,,0.9847875813929092,0.9979892761394102,,,1.0,1.0,0.9942589525107732
ETDD70,1003,ETDD70__1003__seg0,long_gap,medium,0,Hybrid-P,0.0254701828973458,0.8339145757693329,0.8756243756243757,0.0,,0.9883064336442102,0.9959785522788204,,,1.0,1.0,0.9947616619743436
ETDD70,1003,ETDD70__1003__seg0,long_gap,medium,0,STRATUS-H,0.0,0.0,0.8756243756243757,0.0,,1.0,1.0,,,1.0,1.0,1.0
ETDD70,1003,ETDD70__1003__seg0,jitter,medium,0,Pointwise-D,0.1756014402875584,1.5340232568729315,1.0,,,0.991288665527207,0.998803827751196,0.1964890466426243,0.1964890466426243,1.0,,0.7288605133070091
ETDD70,1003,ETDD70__1003__seg0,jitter,medium,0,STRATUS-D,0.1933968997098639,1.6915644783899524,1.0,,,0.9912928745499322,0.998803827751196,0.0953449346074263,0.0953449346074263,1.0,,0.6951472123028516
ETDD70,1003,ETDD70__1003__seg0,jitter,medium,0,Hybrid-P,0.1643947486788974,1.3883959209851966,1.0,,,0.9877648095128512,0.9976076555023924,0.2373958105657729,0.2373958105657729,1.0,,0.7409227585270055
ETDD70,1003,ETDD70__1003__seg0,jitter,medium,0,STRATUS-H,0.1366756534426936,1.1222813482103595,1.0,,,1.0,1.0,0.2489989348757502,0.2489989348757502,1.0,,0.7496663116252501
ETDD70,1003,ETDD70__1003__seg0,spike,medium,0,Pointwise-D,0.851602472909207,12.968902373270874,1.0,,,0.928723627930965,0.9976119402985074,0.9154671929272188,0.9154671929272188,1.0,,0.9472675870522304
ETDD70,1003,ETDD70__1003__seg0,spike,medium,0,STRATUS-D,2.13539447537034,33.320923474659764,1.0,,,0.928723627930965,0.9982089552238806,0.7875045850734703,0.7875045850734703,1.0,,0.9048123894094386
ETDD70,1003,ETDD70__1003__seg0,spike,medium,0,Hybrid-P,0.0878057277207113,1.360783630229687,1.0,,,0.9832457709307816,0.995820895522388,0.9938230874025245,0.9938230874025245,1.0,,0.9909632512852312
ETDD70,1003,ETDD70__1003__seg0,spike,medium,0,STRATUS-H,0.0620013383394374,1.1089023597440586,1.0,,,0.9947612176685088,1.0,0.9938230874025245,0.9938230874025245,1.0,,0.9961947683570112
ETDD70,1003,ETDD70__1003__seg0,mixed,medium,0,Pointwise-D,2.278119073168853,19.352264358325154,0.8376623376623377,0.0,1.0,0.8966948514950026,0.997659906396256,0.8350560896272811,0.8350560896272811,1.0,1.0,0.9458821695037078
ETDD70,1003,ETDD70__1003__seg0,mixed,medium,0,STRATUS-D,3.859373568078245,39.49903986538639,0.8376623376623377,0.0,1.0,0.8966948514950026,0.997659906396256,0.7133572734003415,0.7133572734003415,1.0,1.0,0.92154240625832
ETDD70,1003,ETDD70__1003__seg0,mixed,medium,0,Hybrid-P,0.944234040867591,6.762514434471989,0.8376623376623377,0.0,1.0,0.908560526637784,0.9953198127925116,0.9434098958151508,0.9434098958151508,1.0,1.0,0.9694580470490892
ETDD70,1003,ETDD70__1003__seg0,mixed,medium,0,STRATUS-H,0.8621319252895406,6.416499501930687,0.8376623376623377,0.0,1.0,0.8973072718248571,0.999219968798752,0.9438553575199872,0.9438553575199872,1.0,1.0,0.9680765196287192
ETDD70,1003,ETDD70__1003__seg0,short_gap,high,0,Pointwise-D,1.356872632820188,8.472318673083112,1.0,,1.0,0.9782290562529256,0.996967859308672,,,1.0,,0.9917323051871992
ETDD70,1003,ETDD70__1003__seg0,short_gap,high,0,STRATUS-D,1.3420159910884173,8.466109919986497,1.0,,1.0,0.986010457375054,0.996967859308672,,,1.0,,0.994326105561242
ETDD70,1003,ETDD70__1003__seg0,short_gap,high,0,Hybrid-P,1.3246063064447375,8.449397058707229,1.0,,1.0,0.9892464407404816,0.9957550030321408,,,1.0,,0.9950004812575408
ETDD70,1003,ETDD70__1003__seg0,short_gap,high,0,STRATUS-H,1.2992252464376544,8.412158658931906,1.0,,1.0,1.0,1.0,,,1.0,,1.0
ETDD70,1003,ETDD70__1003__seg0,long_gap,high,0,Pointwise-D,0.0623397672397726,1.0831628440797214,0.8181818181818182,0.0,,0.9777778979228696,0.9978448275862069,,,1.0,1.0,0.9918742418363587
ETDD70,1003,ETDD70__1003__seg0,long_gap,high,0,STRATUS-D,0.0441816495676084,1.0221080607355135,0.8181818181818182,0.0,,0.9864713481860348,0.9978448275862069,,,1.0,1.0,0.9947720585907472
ETDD70,1003,ETDD70__1003__seg0,long_gap,high,0,Hybrid-P,0.0303518011953304,0.868213873230743,0.8181818181818182,0.0,,0.98675538799449,0.994971264367816,,,1.0,1.0,0.9939088841207688
ETDD70,1003,ETDD70__1003__seg0,long_gap,high,0,STRATUS-H,0.0,0.0,0.8181818181818182,0.0,,1.0,1.0,,,1.0,1.0,1.0
ETDD70,1003,ETDD70__1003__seg0,jitter,high,0,Pointwise-D,0.2810720444890197,2.3292814525423675,1.0,,,0.991288665527207,0.9988031119090364,0.1263182153686172,0.1263182153686172,1.0,,0.7054699976016202
ETDD70,1003,ETDD70__1003__seg0,jitter,high,0,STRATUS-D,0.3049373074339751,2.5466523660688827,1.0,,,0.9912928745499322,0.9988031119090364,0.0413558787928293,0.0413558787928293,1.0,,0.6771506217505993
ETDD70,1003,ETDD70__1003__seg0,jitter,high,0,Hybrid-P,0.2502532558658792,2.0577286568480617,1.0,,,0.9877648095128512,0.997606223818073,0.2202346416117693,0.2202346416117693,1.0,,0.7352018916475643
ETDD70,1003,ETDD70__1003__seg0,jitter,high,0,STRATUS-H,0.2138543581394097,1.8399159669863951,1.0,,,1.0,0.9994015559545184,0.2587021195530721,0.2587021195530721,1.0,,0.7527012251691968
ETDD70,1003,ETDD70__1003__seg0,spike,high,0,Pointwise-D,0.6878292905359892,11.12917396324546,1.0,,,0.8883126486384669,0.9987937273823884,0.9720295616066896,0.9720295616066896,1.0,,0.953045312542515
ETDD70,1003,ETDD70__1003__seg0,spike,high,0,STRATUS-D,1.6562417078355138,25.856790081755,1.0,,,0.6679298402096401,0.9987937273823884,0.9322058372640426,0.9322058372640426,1.0,,0.8663098016186904
ETDD70,1003,ETDD70__1003__seg0,spike,high,0,Hybrid-P,0.1578426357292619,3.4525617967383626,1.0,,,0.9812148621092304,0.9981905910735828,0.997446824392474,0.997446824392474,1.0,,0.9922840925250958
ETDD70,1003,ETDD70__1003__seg0,spike,high,0,STRATUS-H,0.0623232215650285,0.4951782714063724,1.0,,,0.9902911617318144,1.0,0.997446824392474,0.997446824392474,1.0,,0.9959126620414296
ETDD70,1003,ETDD70__1003__seg0,mixed,high,0,Pointwise-D,5.781860764647975,33.89684773645797,0.7892107892107892,0.0,1.0,0.5388234690351037,0.999134948096886,0.8678923760695582,0.8678923760695582,1.0,1.0,0.8811701586403096
ETDD70,1003,ETDD70__1003__seg0,mixed,high,0,STRATUS-D,6.672073610142767,40.93558138884908,0.7892107892107892,0.0,1.0,0.5388234690351037,0.999134948096886,0.8394224658437417,0.8394224658437417,1.0,1.0,0.8754761765951464
ETDD70,1003,ETDD70__1003__seg0,mixed,high,0,Hybrid-P,2.893680390147383,10.734345312392266,0.7892107892107892,0.0,1.0,0.9419600720488054,0.9939446366782008,0.963926480994198,0.963926480994198,1.0,1.0,0.9799662379442408
ETDD70,1003,ETDD70__1003__seg0,mixed,high,0,STRATUS-H,2.826885712943635,10.80939894370275,0.7892107892107892,0.0,1.0,0.9662739364805528,0.999134948096886,0.9623080512681956,0.9623080512681956,1.0,1.0,0.985543387169127
ETDD70,1003,ETDD70__1003__seg0,short_gap,low,1,Pointwise-D,0.5838382037533967,3.9541069785749032,1.0,,1.0,0.97238516345132,0.9975874547647768,,,1.0,,0.9899908727386988
ETDD70,1003,ETDD70__1003__seg0,short_gap,low,1,STRATUS-D,0.5720110325510964,3.943116688077714,1.0,,1.0,0.9771219894889002,0.9975874547647768,,,1.0,,0.9915698147512256
ETDD70,1003,ETDD70__1003__seg0,short_gap,low,1,Hybrid-P,0.5306335561254781,3.802810424838517,1.0,,1.0,0.9802698299031586,0.9957780458383596,,,1.0,,0.992015958580506
ETDD70,1003,ETDD70__1003__seg0,short_gap,low,1,STRATUS-H,0.5052524961183951,3.719337276264839,1.0,,1.0,0.9907269599631148,1.0,,,1.0,,0.9969089866543716
ETDD70,1003,ETDD70__1003__seg0,long_gap,low,1,Pointwise-D,0.0630192303163252,1.0609481771069933,0.9010989010989012,0.0,,0.9772429034678098,0.9973856209150328,,,1.0,1.0,0.9915428414609476
ETDD70,1003,ETDD70__1003__seg0,long_gap,low,1,STRATUS-D,0.0465319815652138,1.0044410617805857,0.9010989010989012,0.0,,0.9853767766957802,0.9973856209150328,,,1.0,1.0,0.9942541325369376
ETDD70,1003,ETDD70__1003__seg0,long_gap,low,1,Hybrid-P,0.0281667861054213,0.8347532064884764,0.9010989010989012,0.0,,0.988759339559344,0.9954248366013072,,,1.0,1.0,0.9947280587202172
ETDD70,1003,ETDD70__1003__seg0,long_gap,low,1,STRATUS-H,0.0,0.0,0.9010989010989012,0.0,,1.0,1.0,,,1.0,1.0,1.0
ETDD70,1003,ETDD70__1003__seg0,jitter,low,1,Pointwise-D,0.2434129469543352,1.7042525386683784,1.0,,,0.9910083784479964,0.9987929993964996,0.1518157340930338,0.1518157340930338,1.0,,0.7138723706458433
ETDD70,1003,ETDD70__1003__seg0,jitter,low,1,STRATUS-D,0.2804324953749439,1.9503330061632849,1.0,,,0.9910108429366494,0.9987929993964996,0.0040208506461628,0.0040208506461628,1.0,,0.6646082309931041
ETDD70,1003,ETDD70__1003__seg0,jitter,low,1,Hybrid-P,0.2003786618061623,1.4198583914283442,1.0,,,0.9873711424098444,0.9981894990947496,0.3071716521650108,0.3071716521650108,1.0,,0.7642440978898682
ETDD70,1003,ETDD70__1003__seg0,jitter,low,1,STRATUS-H,0.1726792043591406,1.164643151572587,1.0,,,1.0,0.9993964996982498,0.3193475998936076,0.3193475998936076,1.0,,0.7729146998639526
ETDD70,1003,ETDD70__1003__seg0,spike,low,1,Pointwise-D,0.2502180911400658,5.077136776736968,1.0,,,0.9992128555109708,0.9982185273159144,0.904633639323422,0.904633639323422,1.0,,0.9673550073834356
ETDD70,1003,ETDD70__1003__seg0,spike,low,1,STRATUS-D,0.9574737167238184,14.39935178292096,1.0,,,1.0,0.998812351543943,0.6281494540074889,0.6281494540074889,1.0,,0.8756539351838106
ETDD70,1003,ETDD70__1003__seg0,spike,low,1,Hybrid-P,0.0599579407471446,0.9812083369176224,1.0,,,0.9883835317152254,0.995249406175772,0.9877755986813072,0.9877755986813072,1.0,,0.9904695121907682
ETDD70,1003,ETDD70__1003__seg0,spike,low,1,STRATUS-H,0.0314569134443014,0.5701720893954371,1.0,,,1.0,1.0,0.9877755986813072,0.9877755986813072,1.0,,0.9959251995604358
ETDD70,1003,ETDD70__1003__seg0,mixed,low,1,Pointwise-D,1.0728506527573474,6.8349470054785,0.91008991008991,0.0,1.0,0.9668375911190208,0.9986178299930892,0.8838143189004968,0.8838143189004968,1.0,1.0,0.9698539480025214
ETDD70,1003,ETDD70__1003__seg0,mixed,low,1,STRATUS-D,1.7072921588782226,16.127518329361884,0.91008991008991,0.0,1.0,0.9668375911190208,0.9986178299930892,0.7411008656097346,0.7411008656097346,1.0,1.0,0.9413112573443688
ETDD70,1003,ETDD70__1003__seg0,mixed,low,1,Hybrid-P,0.7917420881253845,4.38925354960783,0.91008991008991,0.0,1.0,0.9933618653637044,0.9965445749827228,0.955090661385496,0.955090661385496,1.0,1.0,0.9889994203463848
ETDD70,1003,ETDD70__1003__seg0,mixed,low,1,STRATUS-H,0.897990345361367,6.062801763796825,0.91008991008991,0.0,1.0,0.9737072433052364,0.9993089149965446,0.9253066831071638,0.9253066831071638,1.0,1.0,0.9796645682817888
ETDD70,1003,ETDD70__1003__seg0,short_gap,medium,1,Pointwise-D,2.051957160018132,11.357935043574305,1.0,,1.0,0.9776928233881652,0.9975550122249388,,,1.0,,0.9917492785377012
ETDD70,1003,ETDD70__1003__seg0,short_gap,medium,1,STRATUS-D,2.043326792012635,11.355014540382363,1.0,,1.0,0.9806564954138984,0.9975550122249388,,,1.0,,0.9927371692129456
ETDD70,1003,ETDD70__1003__seg0,short_gap,medium,1,Hybrid-P,1.99911093909983,11.315642746321124,1.0,,1.0,0.989161868143703,0.9957212713936432,,,1.0,,0.9949610465124488
ETDD70,1003,ETDD70__1003__seg0,short_gap,medium,1,STRATUS-H,1.973729879092747,11.2878639879174,1.0,,1.0,1.0,1.0,,,1.0,,1.0
ETDD70,1003,ETDD70__1003__seg0,long_gap,medium,1,Pointwise-D,0.0645988544361649,1.09396963238137,0.8321678321678322,0.0,,0.97943315117396,0.997153024911032,,,1.0,1.0,0.9921953920283308
ETDD70,1003,ETDD70__1003__seg0,long_gap,medium,1,STRATUS-D,0.0503863713947453,1.0452140200404298,0.8321678321678322,0.0,,0.9847449106222332,0.997153024911032,,,1.0,1.0,0.9939659785110884
ETDD70,1003,ETDD70__1003__seg0,long_gap,medium,1,Hybrid-P,0.0327333265865031,0.8734083963935517,0.8321678321678322,0.0,,0.9870724534447588,0.995017793594306,,,1.0,1.0,0.994030082346355
ETDD70,1003,ETDD70__1003__seg0,long_gap,medium,1,STRATUS-H,0.0,0.0,0.8321678321678322,0.0,,1.0,1.0,,,1.0,1.0,1.0
ETDD70,1003,ETDD70__1003__seg0,jitter,medium,1,Pointwise-D,0.58278234618767,3.0332375005548307,1.0,,,0.9910450289127744,0.9993868792152054,0.1653760144591657,0.1653760144591657,1.0,,0.7186026408623819
ETDD70,1003,ETDD70__1003__seg0,jitter,medium,1,STRATUS-D,0.6562723210879119,3.496624090656393,1.0,,,0.9910475374812284,0.9993868792152054,0.056339112403717,0.056339112403717,1.0,,0.6822578430333835
ETDD70,1003,ETDD70__1003__seg0,jitter,medium,1,Hybrid-P,0.4742396339484184,2.4342560107691087,1.0,,,0.9881271269069672,0.9993868792152054,0.3298732927676491,0.3298732927676491,1.0,,0.7724624329632738
ETDD70,1003,ETDD70__1003__seg0,jitter,medium,1,STRATUS-H,0.4494627021011331,2.28571504657016,1.0,,,1.0,1.0,0.3356393875654826,0.3356393875654826,1.0,,0.7785464625218275
ETDD70,1003,ETDD70__1003__seg0,spike,medium,1,Pointwise-D,1.7641640961182992,21.695263159977756,1.0,,,0.8571470424108341,0.9982132221560452,0.7760077577758898,0.7760077577758898,1.0,,0.8771226741142564
ETDD70,1003,ETDD70__1003__seg0,spike,medium,1,STRATUS-D,2.6322248520752427,31.5190422386639,1.0,,,0.7248338641830461,0.9982132221560452,0.6656443837835371,0.6656443837835371,1.0,,0.7962304900408762
ETDD70,1003,ETDD70__1003__seg0,spike,medium,1,Hybrid-P,0.4977525776248031,10.196144538776224,1.0,,,0.9848920000124932,0.9964264443120904,0.9417600860515492,0.9417600860515492,1.0,,0.9743595101253776
ETDD70,1003,ETDD70__1003__seg0,spike,medium,1,STRATUS-H,0.4895597388149689,10.232558503409182,1.0,,,0.9970719795025595,0.9994044073853484,0.9381382868862828,0.9381382868862828,1.0,,0.9782048912580636
ETDD70,1003,ETDD70__1003__seg0,mixed,medium,1,Pointwise-D,4.194868788610931,20.73657870499407,0.8471528471528471,0.0,1.0,0.9988985977259498,0.998468606431853,0.8182083648513039,0.8182083648513039,1.0,1.0,0.9631151138018212
ETDD70,1003,ETDD70__1003__seg0,mixed,medium,1,STRATUS-D,6.885428524743853,44.78764836477143,0.8471528471528471,0.0,1.0,0.7270639948847057,0.998468606431853,0.5551064829944384,0.5551064829944384,1.0,1.0,0.8561278168621994
ETDD70,1003,ETDD70__1003__seg0,mixed,medium,1,Hybrid-P,2.722757538155073,12.425541129416736,0.8471528471528471,0.0,1.0,0.9842076817786464,0.9931087289433383,0.9653998066727184,0.9653998066727184,1.0,1.0,0.9885432434789406
ETDD70,1003,ETDD70__1003__seg0,mixed,medium,1,STRATUS-H,2.8598832525721245,12.923925069231943,0.8471528471528471,0.0,1.0,0.999347501684663,0.9977029096477796,0.948894085853632,0.948894085853632,1.0,1.0,0.9891888994372148
ETDD70,1003,ETDD70__1003__seg0,short_gap,high,1,Pointwise-D,4.036780311829214,21.068737485524565,1.0,,1.0,0.9773575592119682,0.9969040247678018,,,1.0,,0.9914205279932568
ETDD70,1003,ETDD70__1003__seg0,short_gap,high,1,STRATUS-D,4.0219236700974434,21.0662415421681,1.0,,1.0,0.9854504520237186,0.9969040247678018,,,1.0,,0.9941181589305068
ETDD70,1003,ETDD70__1003__seg0,short_gap,high,1,Hybrid-P,4.004513985453763,21.05953053112452,1.0,,1.0,0.9888159727192832,0.9956656346749226,,,1.0,,0.9948272024647352
ETDD70,1003,ETDD70__1003__seg0,short_gap,high,1,STRATUS-H,3.97913292544668,21.044617574066727,1.0,,1.0,1.0,1.0,,,1.0,,1.0
ETDD70,1003,ETDD70__1003__seg0,long_gap,high,1,Pointwise-D,0.0645818204809152,1.1157764210635572,0.7847152847152847,0.0,,0.9793773958391584,0.9977134146341464,,,1.0,1.0,0.9923636034911016
ETDD70,1003,ETDD70__1003__seg0,long_gap,high,1,STRATUS-D,0.0362847468949415,0.9271342213604068,0.7847152847152847,0.0,,0.9849157931209715,0.9977134146341464,,,1.0,1.0,0.9942097359183726
ETDD70,1003,ETDD70__1003__seg0,long_gap,high,1,Hybrid-P,0.0353122026792399,0.9012949609423024,0.7847152847152847,0.0,,0.985328566652426,0.996189024390244,,,1.0,1.0,0.9938391970142232
ETDD70,1003,ETDD70__1003__seg0,long_gap,high,1,STRATUS-H,0.0,0.0,0.7847152847152847,0.0,,1.0,1.0,,,1.0,1.0,1.0
ETDD70,1003,ETDD70__1003__seg0,jitter,high,1,Pointwise-D,1.2694614146665828,5.810347487691096,1.0,,,0.9999980437748648,1.0,0.1310102198704005,0.1310102198704005,1.0,,0.7103360878817551
ETDD70,1003,ETDD70__1003__seg0,jitter,high,1,STRATUS-D,1.4520873916654709,6.797459984784193,1.0,,,1.0,1.0,0.0057343729642508,0.0057343729642508,1.0,,0.6685781243214169
ETDD70,1003,ETDD70__1003__seg0,jitter,high,1,Hybrid-P,0.9038425628739764,3.9649633185902737,1.0,,,0.9907987132660931,0.9981203007518796,0.394969042813354,0.394969042813354,1.0,,0.794629352277109
ETDD70,1003,ETDD70__1003__seg0,jitter,high,1,STRATUS-H,0.8625256936577708,3.7635875557309393,1.0,,,0.9999502383093248,0.9987468671679198,0.4114708819894861,0.4114708819894861,1.0,,0.803389329155577
ETDD70,1003,ETDD70__1003__seg0,spike,high,1,Pointwise-D,2.592954994110531,30.59517835074879,1.0,,,0.8779430105016177,0.9975786924939468,0.8920607268051265,0.8920607268051265,1.0,,0.9225274766002304
ETDD70,1003,ETDD70__1003__seg0,spike,high,1,STRATUS-D,4.696683110324568,50.04194651027705,1.0,,,0.7239624539768243,0.9975786924939468,0.8044220890331345,0.8044220890331345,1.0,,0.8419877451679686
ETDD70,1003,ETDD70__1003__seg0,spike,high,1,Hybrid-P,0.1339129130893679,1.429082690148752,1.0,,,0.987020928832602,0.9969733656174334,0.9955537707699388,0.9955537707699388,1.0,,0.9931826884066582
ETDD70,1003,ETDD70__1003__seg0,spike,high,1,STRATUS-H,0.1565987245759937,2.548939940866739,1.0,,,0.9986334211121676,1.0,0.9934762962985112,0.9934762962985112,1.0,,0.9973699058035596
ETDD70,1003,ETDD70__1003__seg0,mixed,high,1,Pointwise-D,7.892565996676159,35.590825652664854,0.7962037962037962,0.0,1.0,0.8340867731945367,0.9982683982683984,0.8764994569283754,0.8764994569283754,1.0,1.0,0.941770925678262
ETDD70,1003,ETDD70__1003__seg0,mixed,high,1,STRATUS-D,9.270909220398313,48.75437694948701,0.7962037962037962,0.0,1.0,0.513843832237221,0.9982683982683984,0.8176700383164819,0.8176700383164819,1.0,1.0,0.8659564537644202
ETDD70,1003,ETDD70__1003__seg0,mixed,high,1,Hybrid-P,5.807603472134973,23.88004177415508,0.7962037962037962,0.0,1.0,0.9945654387333532,0.9982683982683984,0.9681277096391117,0.9681277096391117,1.0,1.0,0.9921923093281728
ETDD70,1003,ETDD70__1003__seg0,mixed,high,1,STRATUS-H,5.719353820148108,23.793708877981384,0.7962037962037962,0.0,1.0,0.9831446453669378,1.0,0.969195972378872,0.969195972378872,1.0,1.0,0.990468123549162
ETDD70,1033,ETDD70__1033__seg5,short_gap,low,0,Pointwise-D,0.072061346514088,0.5710550743951401,1.0,,1.0,0.973693369203608,0.99761620977354,,,1.0,,0.990436526325716
ETDD70,1033,ETDD70__1033__seg5,short_gap,low,0,STRATUS-D,0.0654602345309563,0.5484133429227771,1.0,,1.0,0.9843724566811928,0.99761620977354,,,1.0,,0.9939962221515776
ETDD70,1033,ETDD70__1033__seg5,short_gap,low,0,Hybrid-P,0.0530548327856208,0.4908786122387875,1.0,,1.0,0.9962379871371924,0.9970202622169247,,,1.0,,0.9977527497847056
ETDD70,1033,ETDD70__1033__seg5,short_gap,low,0,STRATUS-H,0.0494097193642219,0.4827195413589773,1.0,,1.0,0.9980013226648652,1.0,,,1.0,,0.9993337742216216
ETDD70,1033,ETDD70__1033__seg5,long_gap,low,0,Pointwise-D,0.0229530743940845,0.2969952115964285,0.9270729270729272,0.0,,0.9726727128062072,0.9962025316455696,,,1.0,1.0,0.9896250814839256
ETDD70,1033,ETDD70__1033__seg5,long_gap,low,0,STRATUS-D,0.015832693903659,0.2467095145926024,0.9270729270729272,0.0,,0.9839555469151988,0.9962025316455696,,,1.0,1.0,0.9933860261869228
ETDD70,1033,ETDD70__1033__seg5,long_gap,low,0,Hybrid-P,0.0054097884585446,0.1123502955085665,0.9270729270729272,0.0,,0.9957856966729594,0.9962025316455696,,,1.0,1.0,0.9973294094395097
ETDD70,1033,ETDD70__1033__seg5,long_gap,low,0,STRATUS-H,0.0,0.0,0.9270729270729272,0.0,,1.0,1.0,,,1.0,1.0,1.0
ETDD70,1033,ETDD70__1033__seg5,jitter,low,0,Pointwise-D,0.0881470732447566,0.7447453686096883,1.0,,,0.9978821084492804,0.9994026284348864,0.1878536530056158,0.1878536530056158,1.0,,0.7283794632965943
ETDD70,1033,ETDD70__1033__seg5,jitter,low,0,STRATUS-D,0.0944362322686729,0.7936740512421153,1.0,,,0.9978774876026052,0.9994026284348864,0.1251399456911115,0.1251399456911115,1.0,,0.7074733539095345
ETDD70,1033,ETDD70__1033__seg5,jitter,low,0,Hybrid-P,0.0942299644319795,0.7832141536533638,1.0,,,0.9972508554791476,0.9994026284348864,0.1363243552580032,0.1363243552580032,1.0,,0.7109926130573458
ETDD70,1033,ETDD70__1033__seg5,jitter,low,0,STRATUS-H,0.0824832275106347,0.6914996857941299,1.0,,,0.9949997147524928,1.0,0.2607772307978464,0.2607772307978464,1.0,,0.7519256485167798
ETDD70,1033,ETDD70__1033__seg5,spike,low,0,Pointwise-D,0.3256368746574917,7.328420570679017,1.0,,,0.8465281122778987,0.998220640569395,0.9170750445134532,0.9170750445134532,1.0,,0.9206079324535824
ETDD70,1033,ETDD70__1033__seg5,spike,low,0,STRATUS-D,1.065052364087472,18.809129634874225,1.0,,,0.8465281122778987,0.998220640569395,0.7277742950369737,0.7277742950369737,1.0,,0.8575076826280892
ETDD70,1033,ETDD70__1033__seg5,spike,low,0,Hybrid-P,0.0206298059901554,0.2025723992134093,1.0,,,0.9943898332740913,0.9976275207591934,0.9955294643845164,0.9955294643845164,1.0,,0.9958489394726004
ETDD70,1033,ETDD70__1033__seg5,spike,low,0,STRATUS-H,0.0496225116401184,1.471386258407095,1.0,,,0.996090484087898,1.0,0.9872959401328996,0.9872959401328996,1.0,,0.9944621414069328
ETDD70,1033,ETDD70__1033__seg5,mixed,low,0,Pointwise-D,0.4880249220237436,5.888665517122957,0.9045954045954046,0.0,1.0,0.8565389988931873,0.997248968363136,0.8791783684045814,0.8791783684045814,1.0,1.0,0.946593267132181
ETDD70,1033,ETDD70__1033__seg5,mixed,low,0,STRATUS-D,1.4761583646294385,19.61270804897115,0.9045954045954046,0.0,1.0,0.6302928968866957,0.997248968363136,0.6027340555801572,0.6027340555801572,1.0,1.0,0.8460551841659978
ETDD70,1033,ETDD70__1033__seg5,mixed,low,0,Hybrid-P,0.2268429914069603,1.1780740992203265,0.9045954045954046,0.0,1.0,0.9908590917096228,0.999312242090784,0.9533925495632218,0.9533925495632218,1.0,1.0,0.9887127766727256
ETDD70,1033,ETDD70__1033__seg5,mixed,low,0,STRATUS-H,0.25929957051128,2.220388418176497,0.9045954045954046,0.0,1.0,0.9928665352816888,1.0,0.9429683919835866,0.9429683919835866,1.0,1.0,0.987166985453055
ETDD70,1033,ETDD70__1033__seg5,short_gap,medium,0,Pointwise-D,0.1821321853006405,1.2684576503154932,1.0,,1.0,0.9760222569096494,0.9969933854479855,,,1.0,,0.9910052141192116
ETDD70,1033,ETDD70__1033__seg5,short_gap,medium,0,STRATUS-D,0.1755310733175089,1.258426838297403,1.0,,1.0,0.986747198129571,0.9969933854479855,,,1.0,,0.9945801945258522
ETDD70,1033,ETDD70__1033__seg5,short_gap,medium,0,Hybrid-P,0.1632962163156882,1.2345208852580856,1.0,,1.0,0.99616341198619,0.9969933854479855,,,1.0,,0.9977189324780584
ETDD70,1033,ETDD70__1033__seg5,short_gap,medium,0,STRATUS-H,0.1596511028942893,1.2312993786219295,1.0,,1.0,0.9979343189035632,1.0,,,1.0,,0.999311439634521
ETDD70,1033,ETDD70__1033__seg5,long_gap,medium,0,Pointwise-D,0.0223507735741134,0.2944768486237194,0.8756243756243757,0.0,,0.9733198036783768,0.9966510381781648,,,1.0,1.0,0.9899902806188472
ETDD70,1033,ETDD70__1033__seg5,long_gap,medium,0,STRATUS-D,0.0148120250343361,0.2403530928473791,0.8756243756243757,0.0,,0.9853368475227468,0.9966510381781648,,,1.0,1.0,0.993995961900304
ETDD70,1033,ETDD70__1033__seg5,long_gap,medium,0,Hybrid-P,0.0057276482481796,0.115603836463736,0.8756243756243757,0.0,,0.9955114586135624,0.9959812458137978,,,1.0,1.0,0.99716423480912
ETDD70,1033,ETDD70__1033__seg5,long_gap,medium,0,STRATUS-H,0.0,0.0,0.8756243756243757,0.0,,1.0,1.0,,,1.0,1.0,1.0
ETDD70,1033,ETDD70__1033__seg5,jitter,medium,0,Pointwise-D,0.144939974381262,1.2155554923298002,1.0,,,0.9934780900578476,0.9994026284348864,0.2088306949431649,0.2088306949431649,1.0,,0.7339038044786331
ETDD70,1033,ETDD70__1033__seg5,jitter,medium,0,STRATUS-D,0.1617302917936064,1.3539483312399376,1.0,,,0.9934855112801576,0.9994026284348864,0.1156111651145316,0.1156111651145316,1.0,,0.7028331016098585
ETDD70,1033,ETDD70__1033__seg5,jitter,medium,0,Hybrid-P,0.1401121036934127,1.1667811300330209,1.0,,,0.9969243911782912,1.0,0.2515828578693396,0.2515828578693396,1.0,,0.7495024163492103
ETDD70,1033,ETDD70__1033__seg5,jitter,medium,0,STRATUS-H,0.1435658491706094,1.1764920919313175,1.0,,,0.9936870377935793,0.9994026284348864,0.2464046329130566,0.2464046329130566,1.0,,0.7464980997138407
ETDD70,1033,ETDD70__1033__seg5,spike,medium,0,Pointwise-D,0.596691969944522,10.329602751604831,1.0,,,0.9989239880177428,0.9970202622169247,0.9408286410737996,0.9408286410737996,1.0,,0.9789242971028224
ETDD70,1033,ETDD70__1033__seg5,spike,medium,0,STRATUS-D,1.5999245926442776,27.53655890708676,1.0,,,0.8029034116101639,0.99761620977354,0.8408196420976809,0.8408196420976809,1.0,,0.8804464211604616
ETDD70,1033,ETDD70__1033__seg5,spike,medium,0,Hybrid-P,0.031495994465741,0.2777886713925651,1.0,,,0.9994827533659923,0.9970202622169247,0.9972931915489474,0.9972931915489474,1.0,,0.9979320690439548
ETDD70,1033,ETDD70__1033__seg5,spike,medium,0,STRATUS-H,0.0495636834909043,1.0560808863675335,1.0,,,0.9971646865874296,1.0,0.9950621946375386,0.9950621946375386,1.0,,0.9974089604083228
ETDD70,1033,ETDD70__1033__seg5,mixed,medium,0,Pointwise-D,2.139045693006242,19.27678104864285,0.8376623376623377,0.0,1.0,0.5177617166421511,0.998443579766537,0.850131885139898,0.850131885139898,1.0,1.0,0.8732674363097171
ETDD70,1033,ETDD70__1033__seg5,mixed,medium,0,STRATUS-D,4.731245020811043,45.62900823735405,0.8376623376623377,0.0,1.0,0.0,0.998443579766537,0.6505971540913779,0.6505971540913779,1.0,1.0,0.7298081467715829
ETDD70,1033,ETDD70__1033__seg5,mixed,medium,0,Hybrid-P,0.6588124189313673,2.573575518862868,0.8376623376623377,0.0,1.0,0.9745819646556448,0.996887159533074,0.965254933133904,0.965254933133904,1.0,1.0,0.9873448114645246
ETDD70,1033,ETDD70__1033__seg5,mixed,medium,0,STRATUS-H,0.7161869892521189,4.080984143399874,0.8376623376623377,0.0,1.0,0.8856404065045107,0.998443579766537,0.959765998733488,0.959765998733488,1.0,1.0,0.968769997000907
ETDD70,1033,ETDD70__1033__seg5,short_gap,high,0,Pointwise-D,0.2959911494700076,1.6725713542521636,1.0,,1.0,0.9759258914599844,0.996956786366403,,,1.0,,0.9909608926087956
ETDD70,1033,ETDD70__1033__seg5,short_gap,high,0,STRATUS-D,0.289390037486876,1.6649769463173396,1.0,,1.0,0.9866720025581128,0.996956786366403,,,1.0,,0.9945429296415051
ETDD70,1033,ETDD70__1033__seg5,short_gap,high,0,Hybrid-P,0.2771551804850554,1.646982677674365,1.0,,1.0,0.9962650763729533,0.996956786366403,,,1.0,,0.9977406209131188
ETDD70,1033,ETDD70__1033__seg5,short_gap,high,0,STRATUS-H,0.2735100670636565,1.6445693309239855,1.0,,1.0,0.9980394788697414,1.0,,,1.0,,0.9993464929565804
ETDD70,1033,ETDD70__1033__seg5,long_gap,high,0,Pointwise-D,0.0239199670790114,0.3046387650435802,0.8181818181818182,0.0,,0.971343848431124,0.9964387464387464,,,1.0,1.0,0.9892608649566236
ETDD70,1033,ETDD70__1033__seg5,long_gap,high,0,STRATUS-D,0.0158519413218505,0.2486472866089099,0.8181818181818182,0.0,,0.984250883509236,0.9964387464387464,,,1.0,1.0,0.9935632099826608
ETDD70,1033,ETDD70__1033__seg5,long_gap,high,0,Hybrid-P,0.0056108469957624,0.1177345812577248,0.8181818181818182,0.0,,0.9951790338893164,0.9964387464387464,,,1.0,1.0,0.9972059267760208
ETDD70,1033,ETDD70__1033__seg5,long_gap,high,0,STRATUS-H,0.0,0.0,0.8181818181818182,0.0,,1.0,1.0,,,1.0,1.0,1.0
ETDD70,1033,ETDD70__1033__seg5,jitter,high,0,Pointwise-D,0.2531308442663457,2.142915097586238,1.0,,,0.992888919296412,1.0,0.1240740848430242,0.1240740848430242,1.0,,0.7056543347131453
ETDD70,1033,ETDD70__1033__seg5,jitter,high,0,STRATUS-D,0.2880941372770451,2.5216209838492727,1.0,,,0.9925687049666848,1.0,0.0,0.0,1.0,,0.6641895683222283
ETDD70,1033,ETDD70__1033__seg5,jitter,high,0,Hybrid-P,0.2327153961850974,1.908633989927003,1.0,,,0.9991757543719588,1.0,0.2165623453409189,0.2165623453409189,1.0,,0.7385793665709594
ETDD70,1033,ETDD70__1033__seg5,jitter,high,0,STRATUS-H,0.2343503609750377,1.909444202915636,1.0,,,0.9952499613815172,1.0,0.2165623453409189,0.2165623453409189,1.0,,0.7372707689074787
ETDD70,1033,ETDD70__1033__seg5,spike,high,0,Pointwise-D,0.8551438198674453,13.78002698251834,1.0,,,0.9893635998883088,0.9981981981981982,0.9650555412495792,0.9650555412495792,1.0,,0.9842057797786956
ETDD70,1033,ETDD70__1033__seg5,spike,high,0,STRATUS-D,1.656982926125525,25.95121665902497,1.0,,,0.9893635998883088,0.9981981981981982,0.9322068534595476,0.9322068534595476,1.0,,0.9732562171820184
ETDD70,1033,ETDD70__1033__seg5,spike,high,0,Hybrid-P,0.1227566447601086,3.385449112000262,1.0,,,0.9893635998883088,0.9981981981981982,0.9980936870429628,0.9980936870429628,1.0,,0.9952184950431566
ETDD70,1033,ETDD70__1033__seg5,spike,high,0,STRATUS-H,0.046533252332311,0.4098037772692383,1.0,,,0.9893635998883088,1.0,0.9980936870429628,0.9980936870429628,1.0,,0.9958190956437571
ETDD70,1033,ETDD70__1033__seg5,mixed,high,0,Pointwise-D,4.520208177349463,34.92801831591528,0.7892107892107892,0.0,1.0,0.9476807685107184,0.9982532751091704,0.8665444231414339,0.8665444231414339,1.0,1.0,0.9624956933522644
ETDD70,1033,ETDD70__1033__seg5,mixed,high,0,STRATUS-D,5.115260978287702,42.185253838236825,0.7892107892107892,0.0,1.0,0.9476807685107184,0.9982532751091704,0.847514030681846,0.847514030681846,1.0,1.0,0.9586896148603468
ETDD70,1033,ETDD70__1033__seg5,mixed,high,0,Hybrid-P,1.30582906414877,4.194716130806285,0.7892107892107892,0.0,1.0,0.993151341731408,0.9991266375545852,0.9693987682496172,0.9693987682496172,1.0,1.0,0.992335349507122
ETDD70,1033,ETDD70__1033__seg5,mixed,high,0,STRATUS-H,1.4636917706566013,6.28229435662958,0.7892107892107892,0.0,1.0,0.993151341731408,0.9991266375545852,0.9643501586895246,0.9643501586895246,1.0,1.0,0.9913256275951036
ETDD70,1033,ETDD70__1033__seg5,short_gap,low,1,Pointwise-D,0.1269577012913079,0.8553824833055855,1.0,,1.0,0.9740797422216696,0.996378998189499,,,1.0,,0.9901529134703896
ETDD70,1033,ETDD70__1033__seg5,short_gap,low,1,STRATUS-D,0.1203565893081762,0.8404358925279947,1.0,,1.0,0.9847816449206552,0.996378998189499,,,1.0,,0.9937202143700512
ETDD70,1033,ETDD70__1033__seg5,short_gap,low,1,Hybrid-P,0.1087665791662456,0.810252584191243,1.0,,1.0,0.998232897213135,0.9969824984912492,,,1.0,,0.9984051319014614
ETDD70,1033,ETDD70__1033__seg5,short_gap,low,1,STRATUS-H,0.1056785274274613,0.8061672616678197,1.0,,1.0,1.0,1.0,,,1.0,,1.0
ETDD70,1033,ETDD70__1033__seg5,long_gap,low,1,Pointwise-D,0.0234634554653996,0.3007811338259638,0.9010989010989012,0.0,,0.9672528747572232,0.9967234600262124,,,1.0,1.0,0.9879921115944786
ETDD70,1033,ETDD70__1033__seg5,long_gap,low,1,STRATUS-D,0.0143825455713684,0.2367758243992742,0.9010989010989012,0.0,,0.9836707495963096,0.9967234600262124,,,1.0,1.0,0.9934647365408408
ETDD70,1033,ETDD70__1033__seg5,long_gap,low,1,Hybrid-P,0.0044028223196611,0.0951118200585816,0.9010989010989012,0.0,,0.9981039038880788,0.9960681520314548,,,1.0,1.0,0.998057351973178
ETDD70,1033,ETDD70__1033__seg5,long_gap,low,1,STRATUS-H,0.0,0.0,0.9010989010989012,0.0,,1.0,1.0,,,1.0,1.0,1.0
ETDD70,1033,ETDD70__1033__seg5,jitter,low,1,Pointwise-D,0.1917172597994023,1.2633546157754716,1.0,,,0.9995512637136976,0.9993939393939394,0.2440679101368116,0.2440679101368116,1.0,,0.7476710377481495
ETDD70,1033,ETDD70__1033__seg5,jitter,low,1,STRATUS-D,0.2286871172349742,1.5835887797201844,1.0,,,0.9995438415577697,0.9993939393939394,0.0968757039279849,0.0968757039279849,1.0,,0.698604494959898
ETDD70,1033,ETDD70__1033__seg5,jitter,low,1,Hybrid-P,0.158960234040163,1.0267594748000235,1.0,,,1.0,0.9993939393939394,0.3713697083819819,0.3713697083819819,1.0,,0.7902545492586405
ETDD70,1033,ETDD70__1033__seg5,jitter,low,1,STRATUS-H,0.1586379691075815,1.026658220640493,1.0,,,1.0,1.0,0.3713697083819819,0.3713697083819819,1.0,,0.7904565694606607
ETDD70,1033,ETDD70__1033__seg5,spike,low,1,Pointwise-D,0.1730549084264477,3.70380107041266,1.0,,,0.9202080514032738,0.9982195845697328,0.9356787887469692,0.9356787887469692,1.0,,0.9513688082399918
ETDD70,1033,ETDD70__1033__seg5,spike,low,1,STRATUS-D,0.659642461020172,10.733976549438362,1.0,,,0.7932825153841938,0.998813056379822,0.7463084511728951,0.7463084511728951,1.0,,0.8461346743123036
ETDD70,1033,ETDD70__1033__seg5,spike,low,1,Hybrid-P,0.0320223924632336,0.5598222546311494,1.0,,,0.9985753239400648,0.9964391691394658,0.988867092214786,0.988867092214786,1.0,,0.9946271950981056
ETDD70,1033,ETDD70__1033__seg5,spike,low,1,STRATUS-H,0.0786531958803314,2.29872022929512,1.0,,,0.9236751739205212,0.998813056379822,0.9701354023073164,0.9701354023073164,1.0,,0.9642078775358864
ETDD70,1033,ETDD70__1033__seg5,mixed,low,1,Pointwise-D,0.4969026736855891,3.735372945597076,0.91008991008991,0.0,1.0,0.9933273315311772,0.9972394755003452,0.9151408599411952,0.9151408599411952,1.0,1.0,0.9811415333945436
ETDD70,1033,ETDD70__1033__seg5,mixed,low,1,STRATUS-D,1.0844013828644674,14.57171918741975,0.91008991008991,0.0,1.0,0.9933273315311772,0.9972394755003452,0.782986880761263,0.782986880761263,1.0,1.0,0.9547107375585572
ETDD70,1033,ETDD70__1033__seg5,mixed,low,1,Hybrid-P,0.3393966516906222,2.0653946032864243,0.91008991008991,0.0,1.0,0.9927388221361606,0.9993098688750862,0.9498547603612176,0.9498547603612176,1.0,1.0,0.9883806902744928
ETDD70,1033,ETDD70__1033__seg5,mixed,low,1,STRATUS-H,0.4145478418101734,4.017959693907602,0.91008991008991,0.0,1.0,0.8601938740288315,1.0,0.932870340333035,0.932870340333035,1.0,1.0,0.9586128428723732
ETDD70,1033,ETDD70__1033__seg5,short_gap,medium,1,Pointwise-D,0.3539310421822191,1.853378830087307,1.0,,1.0,0.9738907350519708,0.996309963099631,,,1.0,,0.9900668993838672
ETDD70,1033,ETDD70__1033__seg5,short_gap,medium,1,STRATUS-D,0.3473299301990875,1.8465281975965304,1.0,,1.0,0.9846706746422876,0.996309963099631,,,1.0,,0.9936602125806396
ETDD70,1033,ETDD70__1033__seg5,short_gap,medium,1,Hybrid-P,0.3341404669172877,1.8316413038686288,1.0,,1.0,1.0,0.9981549815498156,,,1.0,,0.9993849938499384
ETDD70,1033,ETDD70__1033__seg5,short_gap,medium,1,STRATUS-H,0.3326518683183725,1.8311852852332435,1.0,,1.0,1.0,1.0,,,1.0,,1.0
ETDD70,1033,ETDD70__1033__seg5,long_gap,medium,1,Pointwise-D,0.021148610925143,0.2727600304547676,0.8321678321678322,0.0,,0.9699755517942568,0.9964513839602556,,,1.0,1.0,0.9888089785848374
ETDD70,1033,ETDD70__1033__seg5,long_gap,medium,1,STRATUS-D,0.0115255848454118,0.192912068120195,0.8321678321678322,0.0,,0.9878836282258242,0.9964513839602556,,,1.0,1.0,0.99477833739536
ETDD70,1033,ETDD70__1033__seg5,long_gap,medium,1,Hybrid-P,0.0047675218875562,0.0989726640810191,0.8321678321678322,0.0,,0.997932803643902,0.9957416607523066,,,1.0,1.0,0.9978914881320696
ETDD70,1033,ETDD70__1033__seg5,long_gap,medium,1,STRATUS-H,0.0,0.0,0.8321678321678322,0.0,,1.0,1.0,,,1.0,1.0,1.0
ETDD70,1033,ETDD70__1033__seg5,jitter,medium,1,Pointwise-D,0.541806457130761,2.828601906178761,1.0,,,0.9996699338535046,1.0,0.2000411408793073,0.2000411408793073,1.0,,0.7332370249109373
ETDD70,1033,ETDD70__1033__seg5,jitter,medium,1,STRATUS-D,0.6384067964039145,3.411108190024859,1.0,,,1.0,1.0,0.0563570052452779,0.0563570052452779,1.0,,0.6854523350817594
ETDD70,1033,ETDD70__1033__seg5,jitter,medium,1,Hybrid-P,0.4360611888713743,2.239786637966376,1.0,,,1.0,0.9993823347745522,0.355924803067649,0.355924803067649,1.0,,0.7851023792807338
ETDD70,1033,ETDD70__1033__seg5,jitter,medium,1,STRATUS-H,0.4212491511602569,2.178687086901269,1.0,,,1.0,0.9993823347745522,0.3778334919202804,0.3778334919202804,1.0,,0.7924052755649442
ETDD70,1033,ETDD70__1033__seg5,spike,medium,1,Pointwise-D,1.454260710837178,20.29147726174333,1.0,,,0.9941515263368986,0.9982057416267942,0.8157169383873485,0.8157169383873485,1.0,,0.936024735450347
ETDD70,1033,ETDD70__1033__seg5,spike,medium,1,STRATUS-D,2.163847452184848,29.798595504553354,1.0,,,0.9941850280409604,0.9982057416267942,0.7253025209117026,0.7253025209117026,1.0,,0.9058977635264857
ETDD70,1033,ETDD70__1033__seg5,spike,medium,1,Hybrid-P,0.4307586256935951,10.16892466544446,1.0,,,0.9887468881143756,0.9946172248803828,0.9465071558437432,0.9465071558437432,1.0,,0.9766237562795004
ETDD70,1033,ETDD70__1033__seg5,spike,medium,1,STRATUS-H,0.4598277174166933,10.25392358400505,1.0,,,0.9867241236223347,0.9958133971291866,0.9427983898262322,0.9427983898262322,1.0,,0.9751119701925846
ETDD70,1033,ETDD70__1033__seg5,mixed,medium,1,Pointwise-D,2.824447911222971,23.90957077315996,0.8471528471528471,0.0,1.0,0.9946404363023597,1.0,0.762326479616796,0.762326479616796,1.0,1.0,0.9513933831838312
ETDD70,1033,ETDD70__1033__seg5,mixed,medium,1,STRATUS-D,5.820906219178252,50.29317812364532,0.8471528471528471,0.0,1.0,0.1641572689962274,1.0,0.469188870443009,0.469188870443009,1.0,1.0,0.7266692278878473
ETDD70,1033,ETDD70__1033__seg5,mixed,medium,1,Hybrid-P,0.8020106868416494,2.972252087963816,0.8471528471528471,0.0,1.0,0.9868399719387392,0.9930448222565688,0.9612764615140396,0.9612764615140396,1.0,1.0,0.9882322511418696
ETDD70,1033,ETDD70__1033__seg5,mixed,medium,1,STRATUS-H,0.9368222023660948,4.573081972167134,0.8471528471528471,0.0,1.0,0.9914009471232968,0.9969088098918084,0.9473726968704624,0.9473726968704624,1.0,1.0,0.9871364907771134
ETDD70,1033,ETDD70__1033__seg5,short_gap,high,1,Pointwise-D,0.441490725702972,2.130291289764862,1.0,,1.0,0.969193986521728,0.996875,,,1.0,,0.9886896621739094
ETDD70,1033,ETDD70__1033__seg5,short_gap,high,1,STRATUS-D,0.4332055301740849,2.1229970157535285,1.0,,1.0,0.9846400707332008,0.996875,,,1.0,,0.9938383569110668
ETDD70,1033,ETDD70__1033__seg5,short_gap,high,1,Hybrid-P,0.4233035158735341,2.112628696131804,1.0,,1.0,0.998262980423087,0.9975,,,1.0,,0.9985876601410292
ETDD70,1033,ETDD70__1033__seg5,short_gap,high,1,STRATUS-H,0.4202454341647199,2.1110656573204367,1.0,,1.0,1.0,1.0,,,1.0,,1.0
ETDD70,1033,ETDD70__1033__seg5,long_gap,high,1,Pointwise-D,0.020358116699559,0.2686437457415205,0.7847152847152847,0.0,,0.9720849570455165,0.9969719909159728,,,1.0,1.0,0.9896856493204964
ETDD70,1033,ETDD70__1033__seg5,long_gap,high,1,STRATUS-D,0.010153176248361,0.1809364564510831,0.7847152847152847,0.0,,0.9903581177873314,0.9969719909159728,,,1.0,1.0,0.9957767029011014
ETDD70,1033,ETDD70__1033__seg5,long_gap,high,1,Hybrid-P,0.0050558188826663,0.1019212324265698,0.7847152847152847,0.0,,0.9978906605941616,0.9954579863739592,,,1.0,1.0,0.9977828823227068
ETDD70,1033,ETDD70__1033__seg5,long_gap,high,1,STRATUS-H,0.0,0.0,0.7847152847152847,0.0,,1.0,1.0,,,1.0,1.0,1.0
ETDD70,1033,ETDD70__1033__seg5,jitter,high,1,Pointwise-D,1.2398806638779918,5.667567440415112,1.0,,,1.0,0.9993678887484198,0.1514401559268144,0.1514401559268144,1.0,,0.7169360148917447
ETDD70,1033,ETDD70__1033__seg5,jitter,high,1,STRATUS-D,1.4129944015742713,6.623913733987668,1.0,,,1.0,0.9993678887484198,0.0329066296755609,0.0329066296755609,1.0,,0.6774248394746601
ETDD70,1033,ETDD70__1033__seg5,jitter,high,1,Hybrid-P,0.838597920479125,3.636597150697341,1.0,,,0.99821801974798,0.9993678887484198,0.4280717652348861,0.4280717652348861,1.0,,0.8085525579104287
ETDD70,1033,ETDD70__1033__seg5,jitter,high,1,STRATUS-H,0.8362427756239802,3.634587344202069,1.0,,,1.0,0.9987357774968394,0.4280717652348861,0.4280717652348861,1.0,,0.8089358475772418
ETDD70,1033,ETDD70__1033__seg5,spike,high,1,Pointwise-D,2.1714705097371305,28.84792044531391,1.0,,,0.6789425327299141,0.9981884057971014,0.9096130261335512,0.9096130261335512,1.0,,0.8622479882201889
ETDD70,1033,ETDD70__1033__seg5,spike,high,1,STRATUS-D,3.9913915863704026,47.16773377656544,1.0,,,0.6789425327299141,0.9981884057971014,0.8337974286809147,0.8337974286809147,1.0,,0.8369761224026435
ETDD70,1033,ETDD70__1033__seg5,spike,high,1,Hybrid-P,0.0691537689263668,0.940079611225898,1.0,,,0.9971415699425488,0.997584541062802,0.9971796010711776,0.9971796010711776,1.0,,0.9973019040255094
ETDD70,1033,ETDD70__1033__seg5,spike,high,1,STRATUS-H,0.1178808165399657,2.443695696237989,1.0,,,0.9971415699425488,1.0,0.9950892351053402,0.9950892351053402,1.0,,0.9974102683492964
ETDD70,1033,ETDD70__1033__seg5,mixed,high,1,Pointwise-D,3.61663961639528,29.79686996404932,0.7962037962037962,0.0,1.0,0.9885484097748294,0.9991326973113616,0.8683262440085773,0.8683262440085773,1.0,1.0,0.9712014702189536
ETDD70,1033,ETDD70__1033__seg5,mixed,high,1,STRATUS-D,5.639417374410711,47.29495557737056,0.7962037962037962,0.0,1.0,0.0,0.9991326973113616,0.7819064198796885,0.7819064198796885,1.0,1.0,0.7562078234382101
ETDD70,1033,ETDD70__1033__seg5,mixed,high,1,Hybrid-P,1.2362267974952388,3.8742684104385576,0.7962037962037962,0.0,1.0,0.9861745384482508,0.997398091934085,0.9700656318836822,0.9700656318836822,1.0,1.0,0.9907276524532036
ETDD70,1033,ETDD70__1033__seg5,mixed,high,1,STRATUS-H,1.2338146268553392,3.87237403932501,0.7962037962037962,0.0,1.0,0.988554038613922,0.997398091934085,0.9700656318836822,0.9700656318836822,1.0,1.0,0.9912035524863378
ETDD70,1038,ETDD70__1038__seg6,short_gap,low,0,Pointwise-D,0.4990294728481388,4.3182124432845885,1.0,,1.0,0.9597155879266496,0.998810232004759,,,1.0,,0.9861752733104696
ETDD70,1038,ETDD70__1038__seg6,short_gap,low,0,STRATUS-D,0.4693961235795527,4.254431991755271,1.0,,1.0,0.9696996792842576,0.998810232004759,,,1.0,,0.9895033037630055
ETDD70,1038,ETDD70__1038__seg6,short_gap,low,0,Hybrid-P,0.4247888538831183,4.07695408784656,1.0,,1.0,0.9868122231546024,0.9964306960142773,,,1.0,,0.9944143063896264
ETDD70,1038,ETDD70__1038__seg6,short_gap,low,0,STRATUS-H,0.4164794428972715,4.060448875306056,1.0,,1.0,0.9882461104181484,0.9994051160023796,,,1.0,,0.995883742140176
ETDD70,1038,ETDD70__1038__seg6,long_gap,low,0,Pointwise-D,0.1113869442015657,1.5669103961794295,0.9270729270729272,0.0,,0.96017756739976,0.9987325728770596,,,1.0,1.0,0.9863033800922733
ETDD70,1038,ETDD70__1038__seg6,long_gap,low,0,STRATUS-D,0.0794225232771533,1.3658075560533482,0.9270729270729272,0.0,,0.9703736824265566,0.9987325728770596,,,1.0,1.0,0.9897020851012054
ETDD70,1038,ETDD70__1038__seg6,long_gap,low,0,Hybrid-P,0.0439572903508101,0.7533442233519543,0.9270729270729272,0.0,,0.98410119635999,0.9961977186311788,,,1.0,1.0,0.9934329716637228
ETDD70,1038,ETDD70__1038__seg6,long_gap,low,0,STRATUS-H,0.0223432157739599,0.3544055397957717,0.9270729270729272,0.0,,0.9893139683679126,0.9993662864385298,,,1.0,1.0,0.9962267516021474
ETDD70,1038,ETDD70__1038__seg6,jitter,low,0,Pointwise-D,0.2054688148731888,1.775661234424624,1.0,,,0.966017292874342,0.9988066825775656,-0.0052392794163995,0.0,1.0,,0.6549413251506359
ETDD70,1038,ETDD70__1038__seg6,jitter,low,0,STRATUS-D,0.1444317704095811,1.2763258853659591,1.0,,,0.9893959243982728,0.9988066825775656,0.0,0.0,1.0,,0.6627342023252795
ETDD70,1038,ETDD70__1038__seg6,jitter,low,0,Hybrid-P,0.1232000969894481,0.9344746278725744,1.0,,,0.9879807004011704,0.9964200477326968,0.1202836053483141,0.1202836053483141,1.0,,0.7015614511607272
ETDD70,1038,ETDD70__1038__seg6,jitter,low,0,STRATUS-H,0.1082227823607063,0.8046830325311309,1.0,,,0.9894145876647168,0.9994033412887828,0.1825692022348246,0.1825692022348246,1.0,,0.7237957103961081
ETDD70,1038,ETDD70__1038__seg6,spike,low,0,Pointwise-D,0.2538342879518939,6.575340071043633,1.0,,,0.998233368358076,0.9976232917409388,0.9361713703679284,0.9361713703679284,1.0,,0.9773426768223143
ETDD70,1038,ETDD70__1038__seg6,spike,low,0,STRATUS-D,0.9544408964851112,19.039596251615617,1.0,,,0.8876513382746165,0.9976232917409388,0.7568062394240878,0.7568062394240878,1.0,,0.8806936231465476
ETDD70,1038,ETDD70__1038__seg6,spike,low,0,Hybrid-P,0.0589925775949807,0.759484701112874,1.0,,,0.9836777638889784,0.9970291146761736,0.995691318180796,0.995691318180796,1.0,,0.9921327322486494
ETDD70,1038,ETDD70__1038__seg6,spike,low,0,STRATUS-H,0.0691535609612049,1.512552241962569,1.0,,,0.98956822728313,1.0,0.9874510405594872,0.9874510405594872,1.0,,0.9923397559475392
ETDD70,1038,ETDD70__1038__seg6,mixed,low,0,Pointwise-D,0.9762503866968528,8.372612216879423,0.9045954045954046,0.0,1.0,0.9563588566284308,0.9972733469665984,0.8499016121826973,0.8499016121826973,1.0,1.0,0.9607067631555452
ETDD70,1038,ETDD70__1038__seg6,mixed,low,0,STRATUS-D,1.8650719377889944,20.063185559150668,0.9045954045954046,0.0,1.0,0.9563588566284308,0.9972733469665984,0.6012412062892658,0.6012412062892658,1.0,1.0,0.910974681976859
ETDD70,1038,ETDD70__1038__seg6,mixed,low,0,Hybrid-P,0.6404823992538372,4.419580807619678,0.9045954045954046,0.0,1.0,0.9796010624374536,0.994546693933197,0.9575682942378676,0.9575682942378676,1.0,1.0,0.9863432101217036
ETDD70,1038,ETDD70__1038__seg6,mixed,low,0,STRATUS-H,0.6571149622163772,4.771590582874956,0.9045954045954046,0.0,1.0,0.9868898963230514,0.9986366734832992,0.945373091391511,0.945373091391511,1.0,1.0,0.9861799322395725
ETDD70,1038,ETDD70__1038__seg6,short_gap,medium,0,Pointwise-D,0.8783973524895955,6.325714865720988,1.0,,1.0,0.9592522476343796,0.9987995198079233,,,1.0,,0.9860172558141008
ETDD70,1038,ETDD70__1038__seg6,short_gap,medium,0,STRATUS-D,0.8487640032210094,6.282348400839957,1.0,,1.0,0.9692685133597544,0.9987995198079233,,,1.0,,0.9893560110558924
ETDD70,1038,ETDD70__1038__seg6,short_gap,medium,0,Hybrid-P,0.804156733524575,6.163543176734826,1.0,,1.0,0.9864362034883,0.9963985594237696,,,1.0,,0.9942782543040232
ETDD70,1038,ETDD70__1038__seg6,short_gap,medium,0,STRATUS-H,0.7958473225387283,6.152638046077459,1.0,,1.0,0.9878747115445156,0.9993997599039616,,,1.0,,0.9957581571494925
ETDD70,1038,ETDD70__1038__seg6,long_gap,medium,0,Pointwise-D,0.1108010088066775,1.5909019352192382,0.8756243756243757,0.0,,0.9650602749559766,0.9986513823331086,,,1.0,1.0,0.9879038857630285
ETDD70,1038,ETDD70__1038__seg6,long_gap,medium,0,STRATUS-D,0.0426873335372647,0.895804571324407,0.8756243756243757,0.0,,0.989180589562491,0.9986513823331086,,,1.0,1.0,0.9959439906318664
ETDD70,1038,ETDD70__1038__seg6,long_gap,medium,0,Hybrid-P,0.0331457212037278,0.5351359445772179,0.8756243756243757,0.0,,0.9877198775954154,0.9959541469993256,,,1.0,1.0,0.994558008198247
ETDD70,1038,ETDD70__1038__seg6,long_gap,medium,0,STRATUS-H,0.0236560230898287,0.3646687343271699,0.8756243756243757,0.0,,0.989199852701538,0.9993256911665542,,,1.0,1.0,0.996175181289364
ETDD70,1038,ETDD70__1038__seg6,jitter,medium,0,Pointwise-D,0.2472984753561356,1.995983882310736,1.0,,,0.9735068265527552,0.9988066825775656,0.0888261480419273,0.0888261480419273,1.0,,0.6870465523907495
ETDD70,1038,ETDD70__1038__seg6,jitter,medium,0,STRATUS-D,0.2193693608533417,1.8384253073148449,1.0,,,0.990566024908142,0.9988066825775656,0.0,0.0,1.0,,0.6631242358285693
ETDD70,1038,ETDD70__1038__seg6,jitter,medium,0,Hybrid-P,0.1817469103143289,1.3519658659276566,1.0,,,0.9882368923923548,0.9964200477326968,0.1717422520601624,0.1717422520601624,1.0,,0.7187997307284048
ETDD70,1038,ETDD70__1038__seg6,jitter,medium,0,STRATUS-H,0.1647314787058704,1.238295925584609,1.0,,,0.9876516623315056,0.9994033412887828,0.2086561537903914,0.2086561537903914,1.0,,0.7319037191368932
ETDD70,1038,ETDD70__1038__seg6,spike,medium,0,Pointwise-D,0.510491735806979,9.615689005514492,1.0,,,0.9954886090282576,0.9976133651551312,0.949647258268102,0.949647258268102,1.0,,0.9809164108171636
ETDD70,1038,ETDD70__1038__seg6,spike,medium,0,STRATUS-D,1.9113532630582224,32.60097507538174,1.0,,,0.8746681625935564,0.9982100238663484,0.8099568395087398,0.8099568395087398,1.0,,0.8942783419895483
ETDD70,1038,ETDD70__1038__seg6,spike,medium,0,Hybrid-P,0.0859807818064066,1.2723878092595178,1.0,,,0.982032754676751,0.997016706443914,0.995528726620697,0.995528726620697,1.0,,0.991526062580454
ETDD70,1038,ETDD70__1038__seg6,spike,medium,0,STRATUS-H,0.0638768765576379,1.0966702374823567,1.0,,,0.9877230817756608,1.0,0.995528726620697,0.995528726620697,1.0,,0.9944172694654526
ETDD70,1038,ETDD70__1038__seg6,mixed,medium,0,Pointwise-D,2.498430540735676,17.17738756599234,0.8376623376623377,0.0,1.0,0.998265026209451,0.996937212863706,0.8792156725402025,0.8792156725402025,1.0,1.0,0.9748835823226718
ETDD70,1038,ETDD70__1038__seg6,mixed,medium,0,STRATUS-D,3.5867432978433675,31.51851753727025,0.8376623376623377,0.0,1.0,0.998265026209451,0.996937212863706,0.7954553577704586,0.7954553577704586,1.0,1.0,0.9581315193687232
ETDD70,1038,ETDD70__1038__seg6,mixed,medium,0,Hybrid-P,1.4009628387131106,7.049511935109398,0.8376623376623377,0.0,1.0,0.9705325033488874,0.996937212863706,0.9685996908141876,0.9685996908141876,1.0,1.0,0.9872138814053562
ETDD70,1038,ETDD70__1038__seg6,mixed,medium,0,STRATUS-H,1.3797854604705149,7.0445217307740124,0.8376623376623377,0.0,1.0,0.9788956015005036,0.998468606431853,0.9685996908141876,0.9685996908141876,1.0,1.0,0.989192779749309
ETDD70,1038,ETDD70__1038__seg6,short_gap,high,0,Pointwise-D,1.370497538900893,8.26130049696863,1.0,,1.0,0.9589586843352754,0.9987856709168184,,,1.0,,0.9859147850840312
ETDD70,1038,ETDD70__1038__seg6,short_gap,high,0,STRATUS-D,1.3408641896323072,8.22814187823393,1.0,,1.0,0.9689940646955671,0.9987856709168184,,,1.0,,0.9892599118707952
ETDD70,1038,ETDD70__1038__seg6,short_gap,high,0,Hybrid-P,1.2962569199358729,8.137793425142043,1.0,,1.0,0.9861945169470614,0.9963570127504554,,,1.0,,0.9941838432325056
ETDD70,1038,ETDD70__1038__seg6,short_gap,high,0,STRATUS-H,1.287947508950026,8.129537026476383,1.0,,1.0,0.9876357701936576,0.9993928354584092,,,1.0,,0.9956762018840224
ETDD70,1038,ETDD70__1038__seg6,long_gap,high,0,Pointwise-D,0.1185800784115419,1.6458013698384606,0.8181818181818182,0.0,,0.9644297898891244,0.9985528219971056,,,1.0,1.0,0.9876608706287432
ETDD70,1038,ETDD70__1038__seg6,long_gap,high,0,STRATUS-D,0.0456843075035562,0.926717328048314,0.8181818181818182,0.0,,0.988985354004558,0.9985528219971056,,,1.0,1.0,0.9958460586672212
ETDD70,1038,ETDD70__1038__seg6,long_gap,high,0,Hybrid-P,0.0498075280165467,0.8019097607254604,0.8181818181818182,0.0,,0.983641457133792,0.9956584659913168,,,1.0,1.0,0.9930999743750364
ETDD70,1038,ETDD70__1038__seg6,long_gap,high,0,STRATUS-H,0.0253168549917397,0.3772528583983435,0.8181818181818182,0.0,,0.9890049647456968,0.9992764109985528,,,1.0,1.0,0.99609379191475
ETDD70,1038,ETDD70__1038__seg6,jitter,high,0,Pointwise-D,0.2968959720614509,2.422461744088884,1.0,,,0.9848997511377512,1.0,0.1225046278816098,0.1225046278816098,1.0,,0.7024681263397871
ETDD70,1038,ETDD70__1038__seg6,jitter,high,0,STRATUS-D,0.2880941372770451,2.5216209838492727,1.0,,,0.998041050506862,1.0,0.0,0.0,1.0,,0.6660136835022873
ETDD70,1038,ETDD70__1038__seg6,jitter,high,0,Hybrid-P,0.2586635873196641,1.9902467412702591,1.0,,,0.9854768458725588,0.9970149253731344,0.2459144088215418,0.2459144088215418,1.0,,0.7428020600224117
ETDD70,1038,ETDD70__1038__seg6,jitter,high,0,STRATUS-H,0.2282981505459901,1.8235823028099163,1.0,,,0.9884724348438382,0.9994029850746268,0.2794564927276531,0.2794564927276531,1.0,,0.7557773042153727
ETDD70,1038,ETDD70__1038__seg6,spike,high,0,Pointwise-D,1.2595330954749595,18.7941038475804,1.0,,,0.9147403954397192,0.9981916817359856,0.9485594259286082,0.9485594259286082,1.0,,0.953830501034771
ETDD70,1038,ETDD70__1038__seg6,spike,high,0,STRATUS-D,2.0541368431026537,31.447433914901744,1.0,,,0.6750038518775827,0.9981916817359856,0.9160071467757251,0.9160071467757251,1.0,,0.8630675601297645
ETDD70,1038,ETDD70__1038__seg6,spike,high,0,Hybrid-P,0.1875841648019723,3.455491486320045,1.0,,,0.9825969026408689,0.9903556359252562,0.9976578062680984,0.9976578062680984,1.0,,0.9902034482780744
ETDD70,1038,ETDD70__1038__seg6,spike,high,0,STRATUS-H,0.1410118432356231,2.7655260742356718,1.0,,,0.9899364975113656,0.9969861362266426,0.9952328945031618,0.9952328945031618,1.0,,0.9940518427470568
ETDD70,1038,ETDD70__1038__seg6,mixed,high,0,Pointwise-D,5.785739104594284,36.057810563712245,0.7892107892107892,0.0,1.0,0.9506657475039366,0.997391304347826,0.8663610124229055,0.8663610124229055,1.0,1.0,0.9628836128549336
ETDD70,1038,ETDD70__1038__seg6,mixed,high,0,STRATUS-D,6.379387644082092,43.12529840786596,0.7892107892107892,0.0,1.0,0.9506657475039366,0.997391304347826,0.8473755296696084,0.8473755296696084,1.0,1.0,0.9590865163042744
ETDD70,1038,ETDD70__1038__seg6,mixed,high,0,Hybrid-P,2.6751419502887224,9.947432860300324,0.7892107892107892,0.0,1.0,0.9635224143378136,0.9947826086956522,0.9688846667968944,0.9688846667968944,1.0,1.0,0.985437937966072
ETDD70,1038,ETDD70__1038__seg6,mixed,high,0,STRATUS-H,2.796853287314081,10.722645167596117,0.7892107892107892,0.0,1.0,0.9976850718347634,0.9921739130434782,0.9658494760906124,0.9658494760906124,1.0,1.0,0.9911416921937708
ETDD70,1038,ETDD70__1038__seg6,short_gap,low,1,Pointwise-D,0.38541132012901,2.6902521483486703,1.0,,1.0,0.961284999850405,0.9988002399520096,,,1.0,,0.9866950799341382
ETDD70,1038,ETDD70__1038__seg6,short_gap,low,1,STRATUS-D,0.3557779708604239,2.5866367137322364,1.0,,1.0,0.971197568445859,0.9988002399520096,,,1.0,,0.9899992694659562
ETDD70,1038,ETDD70__1038__seg6,short_gap,low,1,Hybrid-P,0.3111707011639895,2.282992017236495,1.0,,1.0,0.9881875236537756,0.9964007198560288,,,1.0,,0.9948627478366014
ETDD70,1038,ETDD70__1038__seg6,short_gap,low,1,STRATUS-H,0.3028612901781428,2.253384784126092,1.0,,1.0,0.9896111390183544,0.9994001199760048,,,1.0,,0.996337086331453
ETDD70,1038,ETDD70__1038__seg6,long_gap,low,1,Pointwise-D,0.1136719337240055,1.5888465010790491,0.9010989010989012,0.0,,0.9587886046804002,0.9987096774193548,,,1.0,1.0,0.9858327606999184
ETDD70,1038,ETDD70__1038__seg6,long_gap,low,1,STRATUS-D,0.0817118643028806,1.385352300962723,0.9010989010989012,0.0,,0.969332919712865,0.9987096774193548,,,1.0,1.0,0.9893475323774066
ETDD70,1038,ETDD70__1038__seg6,long_gap,low,1,Hybrid-P,0.041878553620523,0.7507940918072568,0.9010989010989012,0.0,,0.9847269226887668,0.9967741935483873,,,1.0,1.0,0.9938337054123846
ETDD70,1038,ETDD70__1038__seg6,long_gap,low,1,STRATUS-H,0.0229872552530319,0.3594770931336323,0.9010989010989012,0.0,,0.988938571619652,0.9993548387096776,,,1.0,1.0,0.99609780344311
ETDD70,1038,ETDD70__1038__seg6,jitter,low,1,Pointwise-D,0.3065506818458498,2.056557329719728,1.0,,,0.9726146043107332,0.9987959060806744,0.108089983870745,0.108089983870745,1.0,,0.6931668314207174
ETDD70,1038,ETDD70__1038__seg6,jitter,low,1,STRATUS-D,0.2897330250216952,1.9189576841354368,1.0,,,0.9895769996111026,0.9987959060806744,0.0,0.0,1.0,,0.6627909685639256
ETDD70,1038,ETDD70__1038__seg6,jitter,low,1,Hybrid-P,0.1848694803184208,1.1014460429582755,1.0,,,0.9869033573902596,0.9939795304033716,0.396743011743272,0.396743011743272,1.0,,0.7925419665123009
ETDD70,1038,ETDD70__1038__seg6,jitter,low,1,STRATUS-H,0.1777353528225852,1.0384565178641323,1.0,,,0.9891024852727098,0.9963877182420228,0.396743011743272,0.396743011743272,1.0,,0.7940777384193348
ETDD70,1038,ETDD70__1038__seg6,spike,low,1,Pointwise-D,0.173547094505303,3.706588808926705,1.0,,,0.9733638826746428,0.9976275207591934,0.9332577729117902,0.9332577729117902,1.0,,0.9680830587818754
ETDD70,1038,ETDD70__1038__seg6,spike,low,1,STRATUS-D,0.6617585861547729,10.735142714577863,1.0,,,0.9733638826746428,0.998220640569395,0.7433554371225365,0.7433554371225365,1.0,,0.904979986788858
ETDD70,1038,ETDD70__1038__seg6,spike,low,1,Hybrid-P,0.0744485791459568,0.9517135790250044,1.0,,,0.983531645413399,0.9970344009489917,0.986409335810398,0.986409335810398,1.0,,0.9889917940575962
ETDD70,1038,ETDD70__1038__seg6,spike,low,1,STRATUS-H,0.103619526502164,2.3403285148042725,1.0,,,0.9836527857634584,0.9994068801897984,0.9677821859113797,0.9677821859113797,1.0,,0.9836139506215454
ETDD70,1038,ETDD70__1038__seg6,mixed,low,1,Pointwise-D,0.891626073210924,6.043829437750994,0.91008991008991,0.0,1.0,0.9877578262214473,0.9979591836734694,0.8725456399329125,0.8725456399329125,1.0,1.0,0.9716525299655656
ETDD70,1038,ETDD70__1038__seg6,mixed,low,1,STRATUS-D,1.449354752377798,15.299975238087402,0.91008991008991,0.0,1.0,0.8260308976046657,0.9979591836734694,0.7438609990303723,0.7438609990303723,1.0,1.0,0.9135702160617012
ETDD70,1038,ETDD70__1038__seg6,mixed,low,1,Hybrid-P,0.8809488212481973,5.7198086063975175,0.91008991008991,0.0,1.0,0.931427082974619,0.9938775510204082,0.9134256938079393,0.9134256938079393,1.0,1.0,0.9677460655605934
ETDD70,1038,ETDD70__1038__seg6,mixed,low,1,STRATUS-H,0.8703863988748212,5.728471084053967,0.91008991008991,0.0,1.0,0.9341555922287864,0.997278911564626,0.9134256938079393,0.9134256938079393,1.0,1.0,0.9689720395202704
ETDD70,1038,ETDD70__1038__seg6,short_gap,medium,1,Pointwise-D,0.6364026442810052,3.566486389360987,1.0,,1.0,0.9609057722916322,0.998780487804878,,,1.0,,0.9865620866988368
ETDD70,1038,ETDD70__1038__seg6,short_gap,medium,1,STRATUS-D,0.6067692950124192,3.488990976289569,1.0,,1.0,0.9709154381149072,0.998780487804878,,,1.0,,0.9898986419732616
ETDD70,1038,ETDD70__1038__seg6,short_gap,medium,1,Hybrid-P,0.5708755425294156,3.3093217062575158,1.0,,1.0,0.9855150618162788,0.9969512195121952,,,1.0,,0.9941554271094912
ETDD70,1038,ETDD70__1038__seg6,short_gap,medium,1,STRATUS-H,0.553852614330138,3.249632522168242,1.0,,1.0,0.9895093763327476,0.999390243902439,,,1.0,,0.9962998734117288
ETDD70,1038,ETDD70__1038__seg6,long_gap,medium,1,Pointwise-D,0.1165871359172303,1.6319125023622283,0.8321678321678322,0.0,,0.9633944682163604,0.9985974754558204,,,1.0,1.0,0.9873306478907268
ETDD70,1038,ETDD70__1038__seg6,long_gap,medium,1,STRATUS-D,0.0449165040161015,0.9188967888307203,0.8321678321678322,0.0,,0.9886647570308162,0.9985974754558204,,,1.0,1.0,0.9957540774955456
ETDD70,1038,ETDD70__1038__seg6,long_gap,medium,1,Hybrid-P,0.0477364410152602,0.7873323103155027,0.8321678321678322,0.0,,0.983388462838214,0.9964936886395512,,,1.0,1.0,0.9932940504925885
ETDD70,1038,ETDD70__1038__seg6,long_gap,medium,1,STRATUS-H,0.024891361630534,0.3740692330524498,0.8321678321678322,0.0,,0.9886849385705324,0.9992987377279102,,,1.0,1.0,0.9959945587661476
ETDD70,1038,ETDD70__1038__seg6,jitter,medium,1,Pointwise-D,0.621154478115465,3.196474342725242,1.0,,,0.986900633321729,1.0,0.1458023706560109,0.1458023706560109,1.0,,0.7109010013259134
ETDD70,1038,ETDD70__1038__seg6,jitter,medium,1,STRATUS-D,0.6798813917352289,3.633528563406468,1.0,,,0.99592779646439,1.0,-0.0049474977223249,0.0,1.0,,0.66530926548813
ETDD70,1038,ETDD70__1038__seg6,jitter,medium,1,Hybrid-P,0.460660485185739,2.244565362213067,1.0,,,0.9818875337140792,0.9969437652811736,0.3745512019860388,0.3745512019860388,1.0,,0.7844608336604306
ETDD70,1038,ETDD70__1038__seg6,jitter,medium,1,STRATUS-H,0.4441533242311835,2.185008418890645,1.0,,,0.9884802092811892,0.9987775061124694,0.3809635732775975,0.3809635732775975,1.0,,0.7894070962237519
ETDD70,1038,ETDD70__1038__seg6,spike,medium,1,Pointwise-D,1.4582137736856975,20.352946353445148,1.0,,,0.9228748448921924,0.9976090854751942,0.8152280946637053,0.8152280946637053,1.0,,0.9119040083436972
ETDD70,1038,ETDD70__1038__seg6,spike,medium,1,STRATUS-D,1.9458883671807208,28.167022052832262,1.0,,,0.7302166453864185,0.9976090854751942,0.7529902750759272,0.7529902750759272,1.0,,0.8269386686458468
ETDD70,1038,ETDD70__1038__seg6,spike,medium,1,Hybrid-P,0.49004614487399,10.3245024429903,1.0,,,0.9790075946701144,0.9946204423191872,0.9451802828036124,0.9451802828036124,1.0,,0.972936106597638
ETDD70,1038,ETDD70__1038__seg6,spike,medium,1,STRATUS-H,0.4943041745048264,10.38501549995084,1.0,,,0.9889158029847672,0.9964136282127914,0.9415104183287284,0.9415104183287284,1.0,,0.975613283175429
ETDD70,1038,ETDD70__1038__seg6,mixed,medium,1,Pointwise-D,2.925257709346296,21.790412238971044,0.8471528471528471,0.0,1.0,0.8529932399436422,0.9984591679506932,0.775593988682689,0.775593988682689,1.0,1.0,0.925409279315405
ETDD70,1038,ETDD70__1038__seg6,mixed,medium,1,STRATUS-D,6.223931712931088,50.831357382424265,0.8471528471528471,0.0,1.0,0.6432907742622183,0.9984591679506932,0.4530264105240741,0.4530264105240741,1.0,1.0,0.8189552705473971
ETDD70,1038,ETDD70__1038__seg6,mixed,medium,1,Hybrid-P,1.0495966060287452,4.043711785171441,0.8471528471528471,0.0,1.0,0.9617761129408228,0.9946070878274268,0.9672862382426252,0.9672862382426252,1.0,1.0,0.984733887802175
ETDD70,1038,ETDD70__1038__seg6,mixed,medium,1,STRATUS-H,1.2055985505193625,5.3952782175303415,0.8471528471528471,0.0,1.0,0.9574451581341752,0.99537750385208,0.9536530934841696,0.9536530934841696,1.0,1.0,0.9812951510940848
ETDD70,1038,ETDD70__1038__seg6,short_gap,high,1,Pointwise-D,1.1271414374594986,5.076266253573863,1.0,,1.0,0.960331410980684,0.998768472906404,,,1.0,,0.9863666279623629
ETDD70,1038,ETDD70__1038__seg6,short_gap,high,1,STRATUS-D,1.0975080881909127,5.022122255013879,1.0,,1.0,0.970488135976666,0.998768472906404,,,1.0,,0.9897522029610232
ETDD70,1038,ETDD70__1038__seg6,short_gap,high,1,Hybrid-P,1.061614335707909,4.89900643673621,1.0,,1.0,0.9853022532107152,0.99692118226601,,,1.0,,0.9940744784922416
ETDD70,1038,ETDD70__1038__seg6,short_gap,high,1,STRATUS-H,1.0445914075086316,4.858885205559932,1.0,,1.0,0.98935525106374,0.999384236453202,,,1.0,,0.9962464958389808
ETDD70,1038,ETDD70__1038__seg6,long_gap,high,1,Pointwise-D,0.1136101075653661,1.6328582943479075,0.7847152847152847,0.0,,0.9627556099190177,0.9985063480209112,,,1.0,1.0,0.9870873193133096
ETDD70,1038,ETDD70__1038__seg6,long_gap,high,1,STRATUS-D,0.0476326516173298,0.9462723274153596,0.7847152847152847,0.0,,0.9885721551820328,0.9985063480209112,,,1.0,1.0,0.9956928344009812
ETDD70,1038,ETDD70__1038__seg6,long_gap,high,1,Hybrid-P,0.0506231131326693,0.8107883135380212,0.7847152847152847,0.0,,0.9832527569643746,0.9962658700522778,,,1.0,1.0,0.9931728756722176
ETDD70,1038,ETDD70__1038__seg6,long_gap,high,1,STRATUS-H,0.0263965680945065,0.385213408162458,0.7847152847152847,0.0,,0.9885925015923116,0.9992531740104555,,,1.0,1.0,0.995948558534256
ETDD70,1038,ETDD70__1038__seg6,jitter,high,1,Pointwise-D,1.2439437479781967,5.618713889850361,1.0,,,0.9999844452922252,1.0,0.1487253730381621,0.1487253730381621,1.0,,0.7162366061101291
ETDD70,1038,ETDD70__1038__seg6,jitter,high,1,STRATUS-D,1.4608466256774837,6.816036213430982,1.0,,,1.0,1.0,-0.0002632035916054,0.0,1.0,,0.6666666666666666
ETDD70,1038,ETDD70__1038__seg6,jitter,high,1,Hybrid-P,0.886859764955382,3.772613042690539,1.0,,,0.9807350921867716,0.9987546699875468,0.4249584464321688,0.4249584464321688,1.0,,0.8014827362021624
ETDD70,1038,ETDD70__1038__seg6,jitter,high,1,STRATUS-H,0.8585395145006675,3.6658376227866447,1.0,,,0.9823658826819626,0.9987546699875468,0.4387128557402562,0.4387128557402562,1.0,,0.8066111361365884
ETDD70,1038,ETDD70__1038__seg6,spike,high,1,Pointwise-D,2.131541836979577,28.669504471394145,1.0,,,0.9400628123710264,0.9987951807228916,0.911242473248988,0.911242473248988,1.0,,0.9500334887809686
ETDD70,1038,ETDD70__1038__seg6,spike,high,1,STRATUS-D,3.945716639431308,47.05828371417926,1.0,,,0.7684419871458437,0.9987951807228916,0.8356662582705663,0.8356662582705663,1.0,,0.867634475379767
ETDD70,1038,ETDD70__1038__seg6,spike,high,1,Hybrid-P,0.1592111398445259,1.6596035418743462,1.0,,,0.9901543978884626,0.9933734939759036,0.9956340271917508,0.9956340271917508,1.0,,0.9930539730187056
ETDD70,1038,ETDD70__1038__seg6,spike,high,1,STRATUS-H,0.1829146587468507,2.717526001604857,1.0,,,0.9984014297368924,0.9975903614457832,0.9935734161551828,0.9935734161551828,1.0,,0.996521735779286
ETDD70,1038,ETDD70__1038__seg6,mixed,high,1,Pointwise-D,5.016169239764355,33.81707559433481,0.7962037962037962,0.0,1.0,0.758192845924784,0.9991394148020654,0.8428951115034461,0.8428951115034461,1.0,1.0,0.920045474446059
ETDD70,1038,ETDD70__1038__seg6,mixed,high,1,STRATUS-D,6.947703206102925,49.86217846313265,0.7962037962037962,0.0,1.0,0.2774301822819085,0.9991394148020654,0.7585069680238906,0.7585069680238906,1.0,1.0,0.8070153130215729
ETDD70,1038,ETDD70__1038__seg6,mixed,high,1,Hybrid-P,2.433459398315696,7.75031856247065,0.7962037962037962,0.0,1.0,0.9471382455394228,0.995697074010327,0.9660496346411132,0.9660496346411132,1.0,1.0,0.9817769908381726
ETDD70,1038,ETDD70__1038__seg6,mixed,high,1,STRATUS-H,2.324702245415992,7.402579861794665,0.7962037962037962,0.0,1.0,0.9402115192277244,0.995697074010327,0.9667941404761808,0.9667941404761808,1.0,1.0,0.9805405467428464
